source,hour_start_UTC,lon0,lat0,lon1,lat1,mass_kg
TK1,2023-03-19T04:00:00,80.0,38.0,81.0,39.0,3551.181117502783
TK1,2023-03-19T04:00:00,80.0,39.0,81.0,40.0,102274.01618408023
TK1,2023-03-19T04:00:00,80.0,40.0,81.0,41.0,98722.83506657738
TK1,2023-03-19T04:00:00,80.0,41.0,81.0,42.0,177.55905587513908
TK1,2023-03-19T04:00:00,81.0,38.0,82.0,39.0,14737.401637636549
TK1,2023-03-19T04:00:00,81.0,39.0,82.0,40.0,141337.00847661163
TK1,2023-03-19T04:00:00,81.0,40.0,82.0,41.0,142047.2447001122
TK1,2023-03-19T04:00:00,81.0,41.0,82.0,42.0,79724.0160879371
TK1,2023-03-19T04:00:00,82.0,39.0,83.0,40.0,110086.61464258652
TK1,2023-03-19T04:00:00,82.0,40.0,83.0,41.0,142047.2447001122
TK1,2023-03-19T04:00:00,82.0,41.0,83.0,42.0,129973.22890060251
TK1,2023-03-19T04:00:00,83.0,39.0,84.0,40.0,103339.37051933109
TK1,2023-03-19T04:00:00,83.0,40.0,84.0,41.0,142047.2447001122
TK1,2023-03-19T04:00:00,83.0,41.0,84.0,42.0,115590.94537471594
TK1,2023-03-19T04:00:00,84.0,38.0,85.0,39.0,66051.9687855511
TK1,2023-03-19T04:00:00,84.0,39.0,85.0,40.0,142047.2447001122
TK1,2023-03-19T04:00:00,84.0,40.0,85.0,41.0,142047.2447001122
TK1,2023-03-19T04:00:00,84.0,41.0,85.0,42.0,94283.8586696988
TK1,2023-03-19T04:00:00,85.0,37.0,86.0,38.0,177.55905587513908
TK1,2023-03-19T04:00:00,85.0,38.0,86.0,39.0,134412.20529748106
TK1,2023-03-19T04:00:00,85.0,39.0,86.0,40.0,142047.2447001122
TK1,2023-03-19T04:00:00,85.0,40.0,86.0,41.0,142047.2447001122
TK1,2023-03-19T04:00:00,85.0,41.0,86.0,42.0,69780.7089589291
TK1,2023-03-19T04:00:00,86.0,38.0,87.0,39.0,104404.72485458195
TK1,2023-03-19T04:00:00,86.0,39.0,87.0,40.0,142047.2447001122
TK1,2023-03-19T04:00:00,86.0,40.0,87.0,41.0,138673.6226384845
TK1,2023-03-19T04:00:00,86.0,41.0,87.0,42.0,3728.740173377922
TK1,2023-03-19T04:00:00,87.0,38.0,88.0,39.0,79368.89797618681
TK1,2023-03-19T04:00:00,87.0,39.0,88.0,40.0,142047.2447001122
TK1,2023-03-19T04:00:00,87.0,40.0,88.0,41.0,142047.2447001122
TK1,2023-03-19T04:00:00,87.0,41.0,88.0,42.0,101741.3390164548
TK1,2023-03-19T04:00:00,88.0,37.0,89.0,38.0,5859.448843879592
TK1,2023-03-19T04:00:00,88.0,38.0,89.0,39.0,125356.6934478488
TK1,2023-03-19T04:00:00,88.0,39.0,89.0,40.0,142047.2447001122
TK1,2023-03-19T04:00:00,88.0,40.0,89.0,41.0,142047.2447001122
TK1,2023-03-19T04:00:00,88.0,41.0,89.0,42.0,125179.13439197365
TK1,2023-03-19T04:00:00,89.0,37.0,90.0,38.0,4438.976396878478
TK1,2023-03-19T04:00:00,89.0,38.0,90.0,39.0,134767.32340923135
TK1,2023-03-19T04:00:00,89.0,39.0,90.0,40.0,142047.2447001122
TK1,2023-03-19T04:00:00,89.0,40.0,90.0,41.0,142047.2447001122
TK1,2023-03-19T04:00:00,89.0,41.0,90.0,42.0,110619.29181021194
TK1,2023-03-19T05:00:00,80.0,38.0,81.0,39.0,3586.0463222463395
TK1,2023-03-19T05:00:00,80.0,39.0,81.0,40.0,103278.13408069422
TK1,2023-03-19T05:00:00,80.0,40.0,81.0,41.0,99692.08775844796
TK1,2023-03-19T05:00:00,80.0,41.0,81.0,42.0,179.30231611231704
TK1,2023-03-19T05:00:00,81.0,38.0,82.0,39.0,14882.0922373223
TK1,2023-03-19T05:00:00,81.0,39.0,82.0,40.0,142724.643625404
TK1,2023-03-19T05:00:00,81.0,40.0,82.0,41.0,143441.8528898533
TK1,2023-03-19T05:00:00,81.0,41.0,82.0,42.0,80506.73993443049
TK1,2023-03-19T05:00:00,82.0,39.0,83.0,40.0,111167.43598963598
TK1,2023-03-19T05:00:00,82.0,40.0,83.0,41.0,143441.8528898533
TK1,2023-03-19T05:00:00,82.0,41.0,83.0,42.0,131249.29539421503
TK1,2023-03-19T05:00:00,83.0,39.0,84.0,40.0,104353.9479773681
TK1,2023-03-19T05:00:00,83.0,40.0,84.0,41.0,143441.8528898533
TK1,2023-03-19T05:00:00,83.0,41.0,84.0,42.0,116725.80778911768
TK1,2023-03-19T05:00:00,84.0,38.0,85.0,39.0,66700.4615937824
TK1,2023-03-19T05:00:00,84.0,39.0,85.0,40.0,143441.8528898533
TK1,2023-03-19T05:00:00,84.0,40.0,85.0,41.0,143441.8528898533
TK1,2023-03-19T05:00:00,84.0,41.0,85.0,42.0,95209.52985564014
TK1,2023-03-19T05:00:00,85.0,37.0,86.0,38.0,179.30231611231704
TK1,2023-03-19T05:00:00,85.0,38.0,86.0,39.0,135731.85329702322
TK1,2023-03-19T05:00:00,85.0,39.0,86.0,40.0,143441.8528898533
TK1,2023-03-19T05:00:00,85.0,40.0,86.0,41.0,143441.8528898533
TK1,2023-03-19T05:00:00,85.0,41.0,86.0,42.0,70465.81023214097
TK1,2023-03-19T05:00:00,86.0,38.0,87.0,39.0,105429.76187404197
TK1,2023-03-19T05:00:00,86.0,39.0,87.0,40.0,143441.8528898533
TK1,2023-03-19T05:00:00,86.0,40.0,87.0,41.0,140035.10888371908
TK1,2023-03-19T05:00:00,86.0,41.0,87.0,42.0,3765.3486383586564
TK1,2023-03-19T05:00:00,87.0,38.0,88.0,39.0,80148.13530220586
TK1,2023-03-19T05:00:00,87.0,39.0,88.0,40.0,143441.8528898533
TK1,2023-03-19T05:00:00,87.0,40.0,88.0,41.0,143441.8528898533
TK1,2023-03-19T05:00:00,87.0,41.0,88.0,42.0,102740.22713235728
TK1,2023-03-19T05:00:00,88.0,37.0,89.0,38.0,5916.976431706465
TK1,2023-03-19T05:00:00,88.0,38.0,89.0,39.0,126587.43517529489
TK1,2023-03-19T05:00:00,88.0,39.0,89.0,40.0,143441.8528898533
TK1,2023-03-19T05:00:00,88.0,40.0,89.0,41.0,143441.8528898533
TK1,2023-03-19T05:00:00,88.0,41.0,89.0,42.0,126408.13285918257
TK1,2023-03-19T05:00:00,89.0,37.0,90.0,38.0,4482.5579028079255
TK1,2023-03-19T05:00:00,89.0,38.0,90.0,39.0,136090.45792924787
TK1,2023-03-19T05:00:00,89.0,39.0,90.0,40.0,143441.8528898533
TK1,2023-03-19T05:00:00,89.0,40.0,90.0,41.0,143441.8528898533
TK1,2023-03-19T05:00:00,89.0,41.0,90.0,42.0,111705.34293797292
TK1,2023-03-19T06:00:00,80.0,38.0,81.0,39.0,3614.9865647179745
TK1,2023-03-19T06:00:00,80.0,39.0,81.0,40.0,104111.61306387634
TK1,2023-03-19T06:00:00,80.0,40.0,81.0,41.0,100496.6264991585
TK1,2023-03-19T06:00:00,80.0,41.0,81.0,42.0,180.7493282358988
TK1,2023-03-19T06:00:00,81.0,38.0,82.0,39.0,15002.194243579619
TK1,2023-03-19T06:00:00,81.0,39.0,82.0,40.0,143876.46527577256
TK1,2023-03-19T06:00:00,81.0,40.0,82.0,41.0,144599.46258871612
TK1,2023-03-19T06:00:00,81.0,41.0,82.0,42.0,81156.44837791807
TK1,2023-03-19T06:00:00,82.0,39.0,83.0,40.0,112064.58350625559
TK1,2023-03-19T06:00:00,82.0,40.0,83.0,41.0,144599.46258871612
TK1,2023-03-19T06:00:00,82.0,41.0,83.0,42.0,132308.50826867548
TK1,2023-03-19T06:00:00,83.0,39.0,84.0,40.0,105196.1090332917
TK1,2023-03-19T06:00:00,83.0,40.0,84.0,41.0,144599.46258871612
TK1,2023-03-19T06:00:00,83.0,41.0,84.0,42.0,117667.81268156823
TK1,2023-03-19T06:00:00,84.0,38.0,85.0,39.0,67238.7501037544
TK1,2023-03-19T06:00:00,84.0,39.0,85.0,40.0,144599.46258871612
TK1,2023-03-19T06:00:00,84.0,40.0,85.0,41.0,144599.46258871612
TK1,2023-03-19T06:00:00,84.0,41.0,85.0,42.0,95977.89329326121
TK1,2023-03-19T06:00:00,85.0,37.0,86.0,38.0,180.7493282358988
TK1,2023-03-19T06:00:00,85.0,38.0,86.0,39.0,136827.24147457277
TK1,2023-03-19T06:00:00,85.0,39.0,86.0,40.0,144599.46258871612
TK1,2023-03-19T06:00:00,85.0,40.0,86.0,41.0,144599.46258871612
TK1,2023-03-19T06:00:00,85.0,41.0,86.0,42.0,71034.48599670813
TK1,2023-03-19T06:00:00,86.0,38.0,87.0,39.0,106280.60500270705
TK1,2023-03-19T06:00:00,86.0,39.0,87.0,40.0,144599.46258871612
TK1,2023-03-19T06:00:00,86.0,40.0,87.0,41.0,141165.22535223418
TK1,2023-03-19T06:00:00,86.0,41.0,87.0,42.0,3795.735892953873
TK1,2023-03-19T06:00:00,87.0,38.0,88.0,39.0,80794.94972144629
TK1,2023-03-19T06:00:00,87.0,39.0,88.0,40.0,144599.46258871612
TK1,2023-03-19T06:00:00,87.0,40.0,88.0,41.0,144599.46258871612
TK1,2023-03-19T06:00:00,87.0,41.0,88.0,42.0,103569.36507916867
TK1,2023-03-19T06:00:00,88.0,37.0,89.0,38.0,5964.727831784662
TK1,2023-03-19T06:00:00,88.0,38.0,89.0,39.0,127609.02573454229
TK1,2023-03-19T06:00:00,88.0,39.0,89.0,40.0,144599.46258871612
TK1,2023-03-19T06:00:00,88.0,40.0,89.0,41.0,144599.46258871612
TK1,2023-03-19T06:00:00,88.0,41.0,89.0,42.0,127428.2764063064
TK1,2023-03-19T06:00:00,89.0,37.0,90.0,38.0,4518.733205897469
TK1,2023-03-19T06:00:00,89.0,38.0,90.0,39.0,137188.74013104456
TK1,2023-03-19T06:00:00,89.0,39.0,90.0,40.0,144599.46258871612
TK1,2023-03-19T06:00:00,89.0,40.0,90.0,41.0,144599.46258871612
TK1,2023-03-19T06:00:00,89.0,41.0,90.0,42.0,112606.83149096326
TK1,2023-03-19T08:00:00,80.0,38.0,81.0,39.0,3678.1952294227535
TK1,2023-03-19T08:00:00,80.0,39.0,81.0,40.0,105932.0226073745
TK1,2023-03-19T08:00:00,80.0,40.0,81.0,41.0,102253.82737795179
TK1,2023-03-19T08:00:00,80.0,41.0,81.0,42.0,183.90976147113764
TK1,2023-03-19T08:00:00,81.0,38.0,82.0,39.0,15264.510202104402
TK1,2023-03-19T08:00:00,81.0,39.0,82.0,40.0,146392.17013102552
TK1,2023-03-19T08:00:00,81.0,40.0,82.0,41.0,147127.80917691012
TK1,2023-03-19T08:00:00,81.0,41.0,82.0,42.0,82575.4829005403
TK1,2023-03-19T08:00:00,82.0,39.0,83.0,40.0,114024.05211210446
TK1,2023-03-19T08:00:00,82.0,40.0,83.0,41.0,147127.80917691012
TK1,2023-03-19T08:00:00,82.0,41.0,83.0,42.0,134621.94539687192
TK1,2023-03-19T08:00:00,83.0,39.0,84.0,40.0,107035.48117620131
TK1,2023-03-19T08:00:00,83.0,40.0,84.0,41.0,147127.80917691012
TK1,2023-03-19T08:00:00,83.0,41.0,84.0,42.0,119725.25471770966
TK1,2023-03-19T08:00:00,84.0,38.0,85.0,39.0,68414.43126726287
TK1,2023-03-19T08:00:00,84.0,39.0,85.0,40.0,147127.80917691012
TK1,2023-03-19T08:00:00,84.0,40.0,85.0,41.0,147127.80917691012
TK1,2023-03-19T08:00:00,84.0,41.0,85.0,42.0,97656.0833411734
TK1,2023-03-19T08:00:00,85.0,37.0,86.0,38.0,183.90976147113764
TK1,2023-03-19T08:00:00,85.0,38.0,86.0,39.0,139219.68943365067
TK1,2023-03-19T08:00:00,85.0,39.0,86.0,40.0,147127.80917691012
TK1,2023-03-19T08:00:00,85.0,40.0,86.0,41.0,147127.80917691012
TK1,2023-03-19T08:00:00,85.0,41.0,86.0,42.0,72276.53625815672
TK1,2023-03-19T08:00:00,86.0,38.0,87.0,39.0,108138.93974502812
TK1,2023-03-19T08:00:00,86.0,39.0,87.0,40.0,147127.80917691012
TK1,2023-03-19T08:00:00,86.0,40.0,87.0,41.0,143633.52370895827
TK1,2023-03-19T08:00:00,86.0,41.0,87.0,42.0,3862.104990893891
TK1,2023-03-19T08:00:00,87.0,38.0,88.0,39.0,82207.66337759803
TK1,2023-03-19T08:00:00,87.0,39.0,88.0,40.0,147127.80917691012
TK1,2023-03-19T08:00:00,87.0,40.0,88.0,41.0,147127.80917691012
TK1,2023-03-19T08:00:00,87.0,41.0,88.0,42.0,105380.2933229611
TK1,2023-03-19T08:00:00,88.0,37.0,89.0,38.0,6069.022128547539
TK1,2023-03-19T08:00:00,88.0,38.0,89.0,39.0,129840.2915986221
TK1,2023-03-19T08:00:00,88.0,39.0,89.0,40.0,147127.80917691012
TK1,2023-03-19T08:00:00,88.0,40.0,89.0,41.0,147127.80917691012
TK1,2023-03-19T08:00:00,88.0,41.0,89.0,42.0,129656.38183715097
TK1,2023-03-19T08:00:00,89.0,37.0,90.0,38.0,4597.744036778441
TK1,2023-03-19T08:00:00,89.0,38.0,90.0,39.0,139587.50895659297
TK1,2023-03-19T08:00:00,89.0,39.0,90.0,40.0,147127.80917691012
TK1,2023-03-19T08:00:00,89.0,40.0,90.0,41.0,147127.80917691012
TK1,2023-03-19T08:00:00,89.0,41.0,90.0,42.0,114575.78139651786
TK1,2023-03-19T09:00:00,80.0,38.0,81.0,39.0,3706.1286074793684
TK1,2023-03-19T09:00:00,80.0,39.0,81.0,40.0,106736.50389540523
TK1,2023-03-19T09:00:00,80.0,40.0,81.0,41.0,103030.3752879259
TK1,2023-03-19T09:00:00,80.0,41.0,81.0,42.0,185.30643037396845
TK1,2023-03-19T09:00:00,81.0,38.0,82.0,39.0,15380.433721039379
TK1,2023-03-19T09:00:00,81.0,39.0,82.0,40.0,147503.91857767917
TK1,2023-03-19T09:00:00,81.0,40.0,82.0,41.0,148245.1442991751
TK1,2023-03-19T09:00:00,81.0,41.0,82.0,42.0,83202.58723791147
TK1,2023-03-19T09:00:00,82.0,39.0,83.0,40.0,114889.98683185976
TK1,2023-03-19T09:00:00,82.0,40.0,83.0,41.0,148245.1442991751
TK1,2023-03-19T09:00:00,82.0,41.0,83.0,42.0,135644.30703374438
TK1,2023-03-19T09:00:00,83.0,39.0,84.0,40.0,107848.34247764903
TK1,2023-03-19T09:00:00,83.0,40.0,84.0,41.0,148245.1442991751
TK1,2023-03-19T09:00:00,83.0,41.0,84.0,42.0,120634.48617345272
TK1,2023-03-19T09:00:00,84.0,38.0,85.0,39.0,68933.99209911605
TK1,2023-03-19T09:00:00,84.0,39.0,85.0,40.0,148245.1442991751
TK1,2023-03-19T09:00:00,84.0,40.0,85.0,41.0,148245.1442991751
TK1,2023-03-19T09:00:00,84.0,41.0,85.0,42.0,98397.71452857673
TK1,2023-03-19T09:00:00,85.0,37.0,86.0,38.0,185.30643037396845
TK1,2023-03-19T09:00:00,85.0,38.0,86.0,39.0,140276.9677930939
TK1,2023-03-19T09:00:00,85.0,39.0,86.0,40.0,148245.1442991751
TK1,2023-03-19T09:00:00,85.0,40.0,86.0,41.0,148245.1442991751
TK1,2023-03-19T09:00:00,85.0,41.0,86.0,42.0,72825.42713696935
TK1,2023-03-19T09:00:00,86.0,38.0,87.0,39.0,108960.18105989283
TK1,2023-03-19T09:00:00,86.0,39.0,87.0,40.0,148245.1442991751
TK1,2023-03-19T09:00:00,86.0,40.0,87.0,41.0,144724.32212206945
TK1,2023-03-19T09:00:00,86.0,41.0,87.0,42.0,3891.435037853337
TK1,2023-03-19T09:00:00,87.0,38.0,88.0,39.0,82831.97437716354
TK1,2023-03-19T09:00:00,87.0,39.0,88.0,40.0,148245.1442991751
TK1,2023-03-19T09:00:00,87.0,40.0,88.0,41.0,148245.1442991751
TK1,2023-03-19T09:00:00,87.0,41.0,88.0,42.0,106180.58460428333
TK1,2023-03-19T09:00:00,88.0,37.0,89.0,38.0,6115.112202340958
TK1,2023-03-19T09:00:00,88.0,38.0,89.0,39.0,130826.33984402088
TK1,2023-03-19T09:00:00,88.0,39.0,89.0,40.0,148245.1442991751
TK1,2023-03-19T09:00:00,88.0,40.0,89.0,41.0,148245.1442991751
TK1,2023-03-19T09:00:00,88.0,41.0,89.0,42.0,130641.03341364692
TK1,2023-03-19T09:00:00,89.0,37.0,90.0,38.0,4632.660759349211
TK1,2023-03-19T09:00:00,89.0,38.0,90.0,39.0,140647.58065384187
TK1,2023-03-19T09:00:00,89.0,39.0,90.0,40.0,148245.1442991751
TK1,2023-03-19T09:00:00,89.0,40.0,90.0,41.0,148245.1442991751
TK1,2023-03-19T09:00:00,89.0,41.0,90.0,42.0,115445.90612298166
TK1,2023-03-19T10:00:00,80.0,38.0,81.0,39.0,3765.3613323512836
TK1,2023-03-19T10:00:00,80.0,39.0,81.0,40.0,108442.406371716
TK1,2023-03-19T10:00:00,80.0,40.0,81.0,41.0,104677.04503936484
TK1,2023-03-19T10:00:00,80.0,41.0,81.0,42.0,188.26806661756413
TK1,2023-03-19T10:00:00,81.0,38.0,82.0,39.0,15626.249529257806
TK1,2023-03-19T10:00:00,81.0,39.0,82.0,40.0,149861.3810275803
TK1,2023-03-19T10:00:00,81.0,40.0,82.0,41.0,150614.4532940506
TK1,2023-03-19T10:00:00,81.0,41.0,82.0,42.0,84532.36191128609
TK1,2023-03-19T10:00:00,82.0,39.0,83.0,40.0,116726.20130288857
TK1,2023-03-19T10:00:00,82.0,40.0,83.0,41.0,150614.4532940506
TK1,2023-03-19T10:00:00,82.0,41.0,83.0,42.0,137812.22476405563
TK1,2023-03-19T10:00:00,83.0,39.0,84.0,40.0,109572.01477142135
TK1,2023-03-19T10:00:00,83.0,40.0,84.0,41.0,150614.4532940506
TK1,2023-03-19T10:00:00,83.0,41.0,84.0,42.0,122562.51136803288
TK1,2023-03-19T10:00:00,84.0,38.0,85.0,39.0,70035.7207817341
TK1,2023-03-19T10:00:00,84.0,39.0,85.0,40.0,150614.4532940506
TK1,2023-03-19T10:00:00,84.0,40.0,85.0,41.0,150614.4532940506
TK1,2023-03-19T10:00:00,84.0,41.0,85.0,42.0,99970.34337392588
TK1,2023-03-19T10:00:00,85.0,37.0,86.0,38.0,188.26806661756413
TK1,2023-03-19T10:00:00,85.0,38.0,86.0,39.0,142518.92642949495
TK1,2023-03-19T10:00:00,85.0,39.0,86.0,40.0,150614.4532940506
TK1,2023-03-19T10:00:00,85.0,40.0,86.0,41.0,150614.4532940506
TK1,2023-03-19T10:00:00,85.0,41.0,86.0,42.0,73989.35018070282
TK1,2023-03-19T10:00:00,86.0,38.0,87.0,39.0,110701.6231711267
TK1,2023-03-19T10:00:00,86.0,39.0,87.0,40.0,150614.4532940506
TK1,2023-03-19T10:00:00,86.0,40.0,87.0,41.0,147037.3600283167
TK1,2023-03-19T10:00:00,86.0,41.0,87.0,42.0,3953.629398968848
TK1,2023-03-19T10:00:00,87.0,38.0,88.0,39.0,84155.82577805097
TK1,2023-03-19T10:00:00,87.0,39.0,88.0,40.0,150614.4532940506
TK1,2023-03-19T10:00:00,87.0,40.0,88.0,41.0,150614.4532940506
TK1,2023-03-19T10:00:00,87.0,41.0,88.0,42.0,107877.60217186333
TK1,2023-03-19T10:00:00,88.0,37.0,89.0,38.0,6212.846198379614
TK1,2023-03-19T10:00:00,88.0,38.0,89.0,39.0,132917.25503199873
TK1,2023-03-19T10:00:00,88.0,39.0,89.0,40.0,150614.4532940506
TK1,2023-03-19T10:00:00,88.0,40.0,89.0,41.0,150614.4532940506
TK1,2023-03-19T10:00:00,88.0,41.0,89.0,42.0,132728.98696538116
TK1,2023-03-19T10:00:00,89.0,37.0,90.0,38.0,4706.701665439104
TK1,2023-03-19T10:00:00,89.0,38.0,90.0,39.0,142895.4625627301
TK1,2023-03-19T10:00:00,89.0,39.0,90.0,40.0,150614.4532940506
TK1,2023-03-19T10:00:00,89.0,40.0,90.0,41.0,150614.4532940506
TK1,2023-03-19T10:00:00,89.0,41.0,90.0,42.0,117291.00550274125
TK1,2023-03-19T11:00:00,80.0,38.0,81.0,39.0,3803.756126472745
TK1,2023-03-19T11:00:00,80.0,39.0,81.0,40.0,109548.17644241465
TK1,2023-03-19T11:00:00,80.0,40.0,81.0,41.0,105744.42031594193
TK1,2023-03-19T11:00:00,80.0,41.0,81.0,42.0,190.1878063236373
TK1,2023-03-19T11:00:00,81.0,38.0,82.0,39.0,15785.587924861928
TK1,2023-03-19T11:00:00,81.0,39.0,82.0,40.0,151389.49383361466
TK1,2023-03-19T11:00:00,81.0,40.0,82.0,41.0,152150.2450589092
TK1,2023-03-19T11:00:00,81.0,41.0,82.0,42.0,85394.32503931284
TK1,2023-03-19T11:00:00,82.0,39.0,83.0,40.0,117916.43992065465
TK1,2023-03-19T11:00:00,82.0,40.0,83.0,41.0,152150.2450589092
TK1,2023-03-19T11:00:00,82.0,41.0,83.0,42.0,139217.47422890193
TK1,2023-03-19T11:00:00,83.0,39.0,84.0,40.0,110689.30328035647
TK1,2023-03-19T11:00:00,83.0,40.0,84.0,41.0,152150.2450589092
TK1,2023-03-19T11:00:00,83.0,41.0,84.0,42.0,123812.26191668738
TK1,2023-03-19T11:00:00,84.0,38.0,85.0,39.0,70749.86395239284
TK1,2023-03-19T11:00:00,84.0,39.0,85.0,40.0,152150.2450589092
TK1,2023-03-19T11:00:00,84.0,40.0,85.0,41.0,152150.2450589092
TK1,2023-03-19T11:00:00,84.0,41.0,85.0,42.0,100989.72515785102
TK1,2023-03-19T11:00:00,85.0,37.0,86.0,38.0,190.1878063236373
TK1,2023-03-19T11:00:00,85.0,38.0,86.0,39.0,143972.16938699284
TK1,2023-03-19T11:00:00,85.0,39.0,86.0,40.0,152150.2450589092
TK1,2023-03-19T11:00:00,85.0,40.0,86.0,41.0,152150.2450589092
TK1,2023-03-19T11:00:00,85.0,41.0,86.0,42.0,74743.8078851892
TK1,2023-03-19T11:00:00,86.0,38.0,87.0,39.0,111830.43011829829
TK1,2023-03-19T11:00:00,86.0,39.0,87.0,40.0,152150.2450589092
TK1,2023-03-19T11:00:00,86.0,40.0,87.0,41.0,148536.6767387601
TK1,2023-03-19T11:00:00,86.0,41.0,87.0,42.0,3993.9439327963823
TK1,2023-03-19T11:00:00,87.0,38.0,88.0,39.0,85013.94942666557
TK1,2023-03-19T11:00:00,87.0,39.0,88.0,40.0,152150.2450589092
TK1,2023-03-19T11:00:00,87.0,40.0,88.0,41.0,152150.2450589092
TK1,2023-03-19T11:00:00,87.0,41.0,88.0,42.0,108977.61302344374
TK1,2023-03-19T11:00:00,88.0,37.0,89.0,38.0,6276.19760868003
TK1,2023-03-19T11:00:00,88.0,38.0,89.0,39.0,134272.5912644874
TK1,2023-03-19T11:00:00,88.0,39.0,89.0,40.0,152150.2450589092
TK1,2023-03-19T11:00:00,88.0,40.0,89.0,41.0,152150.2450589092
TK1,2023-03-19T11:00:00,88.0,41.0,89.0,42.0,134082.40345816375
TK1,2023-03-19T11:00:00,89.0,37.0,90.0,38.0,4754.695158090932
TK1,2023-03-19T11:00:00,89.0,38.0,90.0,39.0,144352.54499964011
TK1,2023-03-19T11:00:00,89.0,39.0,90.0,40.0,152150.2450589092
TK1,2023-03-19T11:00:00,89.0,40.0,90.0,41.0,152150.2450589092
TK1,2023-03-19T11:00:00,89.0,41.0,90.0,42.0,118487.00333962556
TK1,2023-03-19T12:00:00,80.0,38.0,81.0,39.0,3843.3341820496007
TK1,2023-03-19T12:00:00,80.0,39.0,81.0,40.0,110688.02444302978
TK1,2023-03-19T12:00:00,80.0,40.0,81.0,41.0,106844.69026098005
TK1,2023-03-19T12:00:00,80.0,41.0,81.0,42.0,192.16670910247998
TK1,2023-03-19T12:00:00,81.0,38.0,82.0,39.0,15949.836855505811
TK1,2023-03-19T12:00:00,81.0,39.0,82.0,40.0,152964.7004455768
TK1,2023-03-19T12:00:00,81.0,40.0,82.0,41.0,153733.36728198675
TK1,2023-03-19T12:00:00,81.0,41.0,82.0,42.0,86282.85238701399
TK1,2023-03-19T12:00:00,82.0,39.0,83.0,40.0,119143.35964353918
TK1,2023-03-19T12:00:00,82.0,40.0,83.0,41.0,153733.36728198675
TK1,2023-03-19T12:00:00,82.0,41.0,83.0,42.0,140666.03106301767
TK1,2023-03-19T12:00:00,83.0,39.0,84.0,40.0,111841.0246976447
TK1,2023-03-19T12:00:00,83.0,40.0,84.0,41.0,153733.36728198675
TK1,2023-03-19T12:00:00,83.0,41.0,84.0,42.0,125100.52762571626
TK1,2023-03-19T12:00:00,84.0,38.0,85.0,39.0,71486.01578612253
TK1,2023-03-19T12:00:00,84.0,39.0,85.0,40.0,153733.36728198675
TK1,2023-03-19T12:00:00,84.0,40.0,85.0,41.0,153733.36728198675
TK1,2023-03-19T12:00:00,84.0,41.0,85.0,42.0,102040.52253341788
TK1,2023-03-19T12:00:00,85.0,37.0,86.0,38.0,192.16670910247998
TK1,2023-03-19T12:00:00,85.0,38.0,86.0,39.0,145470.19879057983
TK1,2023-03-19T12:00:00,85.0,39.0,86.0,40.0,153733.36728198675
TK1,2023-03-19T12:00:00,85.0,40.0,86.0,41.0,153733.36728198675
TK1,2023-03-19T12:00:00,85.0,41.0,86.0,42.0,75521.51667727475
TK1,2023-03-19T12:00:00,86.0,38.0,87.0,39.0,112994.02495225961
TK1,2023-03-19T12:00:00,86.0,39.0,87.0,40.0,153733.36728198675
TK1,2023-03-19T12:00:00,86.0,40.0,87.0,41.0,150082.1998090395
TK1,2023-03-19T12:00:00,86.0,41.0,87.0,42.0,4035.500891152081
TK1,2023-03-19T12:00:00,87.0,38.0,88.0,39.0,85898.51896880902
TK1,2023-03-19T12:00:00,87.0,39.0,88.0,40.0,153733.36728198675
TK1,2023-03-19T12:00:00,87.0,40.0,88.0,41.0,153733.36728198675
TK1,2023-03-19T12:00:00,87.0,41.0,88.0,42.0,110111.52431572232
TK1,2023-03-19T12:00:00,88.0,37.0,89.0,38.0,6341.501400381842
TK1,2023-03-19T12:00:00,88.0,38.0,89.0,39.0,135669.69662635302
TK1,2023-03-19T12:00:00,88.0,39.0,89.0,40.0,153733.36728198675
TK1,2023-03-19T12:00:00,88.0,40.0,89.0,41.0,153733.36728198675
TK1,2023-03-19T12:00:00,88.0,41.0,89.0,42.0,135477.52991725053
TK1,2023-03-19T12:00:00,89.0,37.0,90.0,38.0,4804.167727562001
TK1,2023-03-19T12:00:00,89.0,38.0,90.0,39.0,145854.5322087848
TK1,2023-03-19T12:00:00,89.0,39.0,90.0,40.0,153733.36728198675
TK1,2023-03-19T12:00:00,89.0,40.0,90.0,41.0,153733.36728198675
TK1,2023-03-19T12:00:00,89.0,41.0,90.0,42.0,119719.85977084664
TK1,2023-03-19T13:00:00,80.0,38.0,81.0,39.0,3869.442180452462
TK1,2023-03-19T13:00:00,80.0,39.0,81.0,40.0,111439.93479703089
TK1,2023-03-19T13:00:00,80.0,40.0,81.0,41.0,107570.49261657843
TK1,2023-03-19T13:00:00,80.0,41.0,81.0,42.0,193.47210902262316
TK1,2023-03-19T13:00:00,81.0,38.0,82.0,39.0,16058.185048877715
TK1,2023-03-19T13:00:00,81.0,39.0,82.0,40.0,154003.7987820097
TK1,2023-03-19T13:00:00,81.0,40.0,82.0,41.0,154777.68721810024
TK1,2023-03-19T13:00:00,81.0,41.0,82.0,42.0,86868.97695115776
TK1,2023-03-19T13:00:00,82.0,39.0,83.0,40.0,119952.7075940263
TK1,2023-03-19T13:00:00,82.0,40.0,83.0,41.0,154777.68721810024
TK1,2023-03-19T13:00:00,82.0,41.0,83.0,42.0,141621.58380456088
TK1,2023-03-19T13:00:00,83.0,39.0,84.0,40.0,112600.76745116663
TK1,2023-03-19T13:00:00,83.0,40.0,84.0,41.0,154777.68721810024
TK1,2023-03-19T13:00:00,83.0,41.0,84.0,42.0,125950.34297372762
TK1,2023-03-19T13:00:00,84.0,38.0,85.0,39.0,71971.62455641579
TK1,2023-03-19T13:00:00,84.0,39.0,85.0,40.0,154777.68721810024
TK1,2023-03-19T13:00:00,84.0,40.0,85.0,41.0,154777.68721810024
TK1,2023-03-19T13:00:00,84.0,41.0,85.0,42.0,102733.68989101285
TK1,2023-03-19T13:00:00,85.0,37.0,86.0,38.0,193.47210902262316
TK1,2023-03-19T13:00:00,85.0,38.0,86.0,39.0,146458.38653012682
TK1,2023-03-19T13:00:00,85.0,39.0,86.0,40.0,154777.68721810024
TK1,2023-03-19T13:00:00,85.0,40.0,86.0,41.0,154777.68721810024
TK1,2023-03-19T13:00:00,85.0,41.0,86.0,42.0,76034.53884589087
TK1,2023-03-19T13:00:00,86.0,38.0,87.0,39.0,113761.60010530236
TK1,2023-03-19T13:00:00,86.0,39.0,87.0,40.0,154777.68721810024
TK1,2023-03-19T13:00:00,86.0,40.0,87.0,41.0,151101.71714667013
TK1,2023-03-19T13:00:00,86.0,41.0,87.0,42.0,4062.914289475085
TK1,2023-03-19T13:00:00,87.0,38.0,88.0,39.0,86482.03273311252
TK1,2023-03-19T13:00:00,87.0,39.0,88.0,40.0,154777.68721810024
TK1,2023-03-19T13:00:00,87.0,40.0,88.0,41.0,154777.68721810024
TK1,2023-03-19T13:00:00,87.0,41.0,88.0,42.0,110859.51846996302
TK1,2023-03-19T13:00:00,88.0,37.0,89.0,38.0,6384.579597746561
TK1,2023-03-19T13:00:00,88.0,38.0,89.0,39.0,136591.3089699723
TK1,2023-03-19T13:00:00,88.0,39.0,89.0,40.0,154777.68721810024
TK1,2023-03-19T13:00:00,88.0,40.0,89.0,41.0,154777.68721810024
TK1,2023-03-19T13:00:00,88.0,41.0,89.0,42.0,136397.83686094967
TK1,2023-03-19T13:00:00,89.0,37.0,90.0,38.0,4836.802725565577
TK1,2023-03-19T13:00:00,89.0,38.0,90.0,39.0,146845.3307481721
TK1,2023-03-19T13:00:00,89.0,39.0,90.0,40.0,154777.68721810024
TK1,2023-03-19T13:00:00,89.0,40.0,90.0,41.0,154777.68721810024
TK1,2023-03-19T13:00:00,89.0,41.0,90.0,42.0,120533.12392109417
TK1,2023-03-19T14:00:00,80.0,38.0,81.0,39.0,3902.5409419365974
TK1,2023-03-19T14:00:00,80.0,39.0,81.0,40.0,112393.17912777419
TK1,2023-03-19T14:00:00,80.0,40.0,81.0,41.0,108490.63818583758
TK1,2023-03-19T14:00:00,80.0,41.0,81.0,42.0,195.12704709682995
TK1,2023-03-19T14:00:00,81.0,38.0,82.0,39.0,16195.5449090369
TK1,2023-03-19T14:00:00,81.0,39.0,82.0,40.0,155321.129489075
TK1,2023-03-19T14:00:00,81.0,40.0,82.0,41.0,156101.63767746228
TK1,2023-03-19T14:00:00,81.0,41.0,82.0,42.0,87612.04414647675
TK1,2023-03-19T14:00:00,82.0,39.0,83.0,40.0,120978.76920003472
TK1,2023-03-19T14:00:00,82.0,40.0,83.0,41.0,156101.63767746228
TK1,2023-03-19T14:00:00,82.0,41.0,83.0,42.0,142832.9984748788
TK1,2023-03-19T14:00:00,83.0,39.0,84.0,40.0,113563.94141035517
TK1,2023-03-19T14:00:00,83.0,40.0,84.0,41.0,156101.63767746228
TK1,2023-03-19T14:00:00,83.0,41.0,84.0,42.0,127027.70766003645
TK1,2023-03-19T14:00:00,84.0,38.0,85.0,39.0,72587.26152002082
TK1,2023-03-19T14:00:00,84.0,39.0,85.0,40.0,156101.63767746228
TK1,2023-03-19T14:00:00,84.0,40.0,85.0,41.0,156101.63767746228
TK1,2023-03-19T14:00:00,84.0,41.0,85.0,42.0,103612.46200841683
TK1,2023-03-19T14:00:00,85.0,37.0,86.0,38.0,195.12704709682995
TK1,2023-03-19T14:00:00,85.0,38.0,86.0,39.0,147711.1746522992
TK1,2023-03-19T14:00:00,85.0,39.0,86.0,40.0,156101.63767746228
TK1,2023-03-19T14:00:00,85.0,40.0,86.0,41.0,156101.63767746228
TK1,2023-03-19T14:00:00,85.0,41.0,86.0,42.0,76684.92950905426
TK1,2023-03-19T14:00:00,86.0,38.0,87.0,39.0,114734.70369293615
TK1,2023-03-19T14:00:00,86.0,39.0,87.0,40.0,156101.63767746228
TK1,2023-03-19T14:00:00,86.0,40.0,87.0,41.0,152394.22378262278
TK1,2023-03-19T14:00:00,86.0,41.0,87.0,42.0,4097.667989033427
TK1,2023-03-19T14:00:00,87.0,38.0,88.0,39.0,87221.79005228309
TK1,2023-03-19T14:00:00,87.0,39.0,88.0,40.0,156101.63767746228
TK1,2023-03-19T14:00:00,87.0,40.0,88.0,41.0,156101.63767746228
TK1,2023-03-19T14:00:00,87.0,41.0,88.0,42.0,111807.7979864837
TK1,2023-03-19T14:00:00,88.0,37.0,89.0,38.0,6439.19255419539
TK1,2023-03-19T14:00:00,88.0,38.0,89.0,39.0,137759.6952503616
TK1,2023-03-19T14:00:00,88.0,39.0,89.0,40.0,156101.63767746228
TK1,2023-03-19T14:00:00,88.0,40.0,89.0,41.0,156101.63767746228
TK1,2023-03-19T14:00:00,88.0,41.0,89.0,42.0,137564.5682032648
TK1,2023-03-19T14:00:00,89.0,37.0,90.0,38.0,4878.176177420748
TK1,2023-03-19T14:00:00,89.0,38.0,90.0,39.0,148101.42874649283
TK1,2023-03-19T14:00:00,89.0,39.0,90.0,40.0,156101.63767746228
TK1,2023-03-19T14:00:00,89.0,40.0,90.0,41.0,156101.63767746228
TK1,2023-03-19T14:00:00,89.0,41.0,90.0,42.0,121564.1503413252
TK1,2023-03-19T15:00:00,80.0,38.0,81.0,39.0,3917.0467135088456
TK1,2023-03-19T15:00:00,80.0,39.0,81.0,40.0,112810.94534905578
TK1,2023-03-19T15:00:00,80.0,40.0,81.0,41.0,108893.89863554688
TK1,2023-03-19T15:00:00,80.0,41.0,81.0,42.0,195.85233567544233
TK1,2023-03-19T15:00:00,81.0,38.0,82.0,39.0,16255.743861061741
TK1,2023-03-19T15:00:00,81.0,39.0,82.0,40.0,155898.45919765366
TK1,2023-03-19T15:00:00,81.0,40.0,82.0,41.0,156681.86854035544
TK1,2023-03-19T15:00:00,81.0,41.0,82.0,42.0,87937.69871827427
TK1,2023-03-19T15:00:00,82.0,39.0,83.0,40.0,121428.44811877536
TK1,2023-03-19T15:00:00,82.0,40.0,83.0,41.0,156681.86854035544
TK1,2023-03-19T15:00:00,82.0,41.0,83.0,42.0,143363.9097144252
TK1,2023-03-19T15:00:00,83.0,39.0,84.0,40.0,113986.05936310845
TK1,2023-03-19T15:00:00,83.0,40.0,84.0,41.0,156681.86854035544
TK1,2023-03-19T15:00:00,83.0,41.0,84.0,42.0,127499.87052471415
TK1,2023-03-19T15:00:00,84.0,38.0,85.0,39.0,72857.06887126502
TK1,2023-03-19T15:00:00,84.0,39.0,85.0,40.0,156681.86854035544
TK1,2023-03-19T15:00:00,84.0,40.0,85.0,41.0,156681.86854035544
TK1,2023-03-19T15:00:00,84.0,41.0,85.0,42.0,103997.59024366076
TK1,2023-03-19T15:00:00,85.0,37.0,86.0,38.0,195.85233567544233
TK1,2023-03-19T15:00:00,85.0,38.0,86.0,39.0,148260.2181063113
TK1,2023-03-19T15:00:00,85.0,39.0,86.0,40.0,156681.86854035544
TK1,2023-03-19T15:00:00,85.0,40.0,86.0,41.0,156681.86854035544
TK1,2023-03-19T15:00:00,85.0,41.0,86.0,42.0,76969.96792044936
TK1,2023-03-19T15:00:00,86.0,38.0,87.0,39.0,115161.17337716112
TK1,2023-03-19T15:00:00,86.0,39.0,87.0,40.0,156681.86854035544
TK1,2023-03-19T15:00:00,86.0,40.0,87.0,41.0,152960.674162522
TK1,2023-03-19T15:00:00,86.0,41.0,87.0,42.0,4112.899049184288
TK1,2023-03-19T15:00:00,87.0,38.0,88.0,39.0,87545.99404692338
TK1,2023-03-19T15:00:00,87.0,39.0,88.0,40.0,156681.86854035544
TK1,2023-03-19T15:00:00,87.0,40.0,88.0,41.0,156681.86854035544
TK1,2023-03-19T15:00:00,87.0,41.0,88.0,42.0,112223.38834202944
TK1,2023-03-19T15:00:00,88.0,37.0,89.0,38.0,6463.127077289594
TK1,2023-03-19T15:00:00,88.0,38.0,89.0,39.0,138271.74898686362
TK1,2023-03-19T15:00:00,88.0,39.0,89.0,40.0,156681.86854035544
TK1,2023-03-19T15:00:00,88.0,40.0,89.0,41.0,156681.86854035544
TK1,2023-03-19T15:00:00,88.0,41.0,89.0,42.0,138075.89665118817
TK1,2023-03-19T15:00:00,89.0,37.0,90.0,38.0,4896.308391886057
TK1,2023-03-19T15:00:00,89.0,38.0,90.0,39.0,148651.9227776622
TK1,2023-03-19T15:00:00,89.0,39.0,90.0,40.0,156681.86854035544
TK1,2023-03-19T15:00:00,89.0,40.0,90.0,41.0,156681.86854035544
TK1,2023-03-19T15:00:00,89.0,41.0,90.0,42.0,122016.00512580169
TK2,2023-03-19T15:00:00,90.0,38.0,91.0,39.0,61201.724995267556
TK2,2023-03-19T15:00:00,90.0,39.0,91.0,40.0,101027.37972191775
TK2,2023-03-19T15:00:00,90.0,40.0,91.0,41.0,40207.37026716122
TK2,2023-03-19T15:00:00,90.0,41.0,91.0,42.0,40970.80134818327
TK2,2023-03-19T15:00:00,91.0,38.0,92.0,39.0,39698.41621314652
TK2,2023-03-19T15:00:00,91.0,39.0,92.0,40.0,101281.8567489251
TK2,2023-03-19T15:00:00,91.0,40.0,92.0,41.0,13868.997971900548
TK2,2023-03-19T15:00:00,92.0,38.0,93.0,39.0,3308.201351095543
TK2,2023-03-19T15:00:00,92.0,39.0,93.0,40.0,88685.2439120613
TK2,2023-03-19T15:00:00,92.0,40.0,93.0,41.0,59674.86283322346
TK2,2023-03-19T15:00:00,93.0,39.0,94.0,40.0,71380.80607556153
TK2,2023-03-19T15:00:00,93.0,40.0,94.0,41.0,90084.86756060172
TK2,2023-03-19T15:00:00,93.0,41.0,94.0,42.0,890.6695945257227
TK2,2023-03-19T15:00:00,94.0,39.0,95.0,40.0,41098.03986168694
TK2,2023-03-19T15:00:00,94.0,40.0,95.0,41.0,101790.8108029398
TK2,2023-03-19T15:00:00,94.0,41.0,95.0,42.0,12978.328377374824
TK2,2023-03-19T15:00:00,95.0,39.0,96.0,40.0,14505.190539418922
TK2,2023-03-19T15:00:00,95.0,40.0,96.0,41.0,101790.8108029398
TK2,2023-03-19T15:00:00,95.0,41.0,96.0,42.0,17686.15337701079
TK2,2023-03-19T15:00:00,96.0,39.0,97.0,40.0,31555.15134891134
TK2,2023-03-19T15:00:00,96.0,40.0,97.0,41.0,101790.8108029398
TK2,2023-03-19T15:00:00,96.0,41.0,97.0,42.0,29519.335132852542
TK2,2023-03-19T15:00:00,97.0,39.0,98.0,40.0,44533.47972628616
TK2,2023-03-19T15:00:00,97.0,40.0,98.0,41.0,101790.8108029398
TK2,2023-03-19T15:00:00,97.0,41.0,98.0,42.0,29137.619592341518
TK2,2023-03-19T15:00:00,98.0,39.0,99.0,40.0,53185.698644536045
TK2,2023-03-19T15:00:00,98.0,40.0,99.0,41.0,94792.69256023769
TK2,2023-03-19T15:00:00,98.0,41.0,99.0,42.0,2035.8162160587954
TK2,2023-03-19T15:00:00,99.0,39.0,100.0,40.0,79651.30945330039
TK2,2023-03-19T15:00:00,99.0,40.0,100.0,41.0,66418.50404891821
TK2,2023-03-19T15:00:00,100.0,39.0,101.0,40.0,96574.03174928913
TK2,2023-03-19T15:00:00,100.0,40.0,101.0,41.0,37917.07702409507
TK2,2023-03-19T15:00:00,101.0,38.0,102.0,39.0,14759.667566426271
TK2,2023-03-19T15:00:00,101.0,39.0,102.0,40.0,73162.14526461298
TK2,2023-03-19T15:00:00,101.0,40.0,102.0,41.0,3435.439864599218
TK2,2023-03-19T15:00:00,102.0,38.0,103.0,39.0,13360.043917885849
TK2,2023-03-19T15:00:00,102.0,39.0,103.0,40.0,3689.9168916065673
TK1,2023-03-19T16:00:00,80.0,38.0,81.0,39.0,3972.4020006335263
TK1,2023-03-19T16:00:00,80.0,39.0,81.0,40.0,114405.17761824686
TK1,2023-03-19T16:00:00,80.0,40.0,81.0,41.0,110432.77561761327
TK1,2023-03-19T16:00:00,80.0,41.0,81.0,42.0,198.62010003167623
TK1,2023-03-19T16:00:00,81.0,38.0,82.0,39.0,16485.468302629113
TK1,2023-03-19T16:00:00,81.0,39.0,82.0,40.0,158101.59962521438
TK1,2023-03-19T16:00:00,81.0,40.0,82.0,41.0,158896.08002534104
TK1,2023-03-19T16:00:00,81.0,41.0,82.0,42.0,89180.42491422355
TK1,2023-03-19T16:00:00,82.0,39.0,83.0,40.0,123144.46201964076
TK1,2023-03-19T16:00:00,82.0,40.0,83.0,41.0,158896.08002534104
TK1,2023-03-19T16:00:00,82.0,41.0,83.0,42.0,145389.91322318782
TK1,2023-03-19T16:00:00,83.0,39.0,84.0,40.0,115596.89821843694
TK1,2023-03-19T16:00:00,83.0,40.0,84.0,41.0,158896.08002534104
TK1,2023-03-19T16:00:00,83.0,41.0,84.0,42.0,129301.68512062283
TK1,2023-03-19T16:00:00,84.0,38.0,85.0,39.0,73886.67721178422
TK1,2023-03-19T16:00:00,84.0,39.0,85.0,40.0,158896.08002534104
TK1,2023-03-19T16:00:00,84.0,40.0,85.0,41.0,158896.08002534104
TK1,2023-03-19T16:00:00,84.0,41.0,85.0,42.0,105467.27311682128
TK1,2023-03-19T16:00:00,85.0,37.0,86.0,38.0,198.62010003167623
TK1,2023-03-19T16:00:00,85.0,38.0,86.0,39.0,150355.41572397944
TK1,2023-03-19T16:00:00,85.0,39.0,86.0,40.0,158896.08002534104
TK1,2023-03-19T16:00:00,85.0,40.0,86.0,41.0,158896.08002534104
TK1,2023-03-19T16:00:00,85.0,41.0,86.0,42.0,78057.69931244949
TK1,2023-03-19T16:00:00,86.0,38.0,87.0,39.0,116788.61881862702
TK1,2023-03-19T16:00:00,86.0,39.0,87.0,40.0,158896.08002534104
TK1,2023-03-19T16:00:00,86.0,40.0,87.0,41.0,155122.2981247394
TK1,2023-03-19T16:00:00,86.0,41.0,87.0,42.0,4171.022100665203
TK1,2023-03-19T16:00:00,87.0,38.0,88.0,39.0,88783.18471416019
TK1,2023-03-19T16:00:00,87.0,39.0,88.0,40.0,158896.08002534104
TK1,2023-03-19T16:00:00,87.0,40.0,88.0,41.0,158896.08002534104
TK1,2023-03-19T16:00:00,87.0,41.0,88.0,42.0,113809.31731815182
TK1,2023-03-19T16:00:00,88.0,37.0,89.0,38.0,6554.463301045314
TK1,2023-03-19T16:00:00,88.0,38.0,89.0,39.0,140225.79062236453
TK1,2023-03-19T16:00:00,88.0,39.0,89.0,40.0,158896.08002534104
TK1,2023-03-19T16:00:00,88.0,40.0,89.0,41.0,158896.08002534104
TK1,2023-03-19T16:00:00,88.0,41.0,89.0,42.0,140027.17052233286
TK1,2023-03-19T16:00:00,89.0,37.0,90.0,38.0,4965.502500791907
TK1,2023-03-19T16:00:00,89.0,38.0,90.0,39.0,150752.65592404277
TK1,2023-03-19T16:00:00,89.0,39.0,90.0,40.0,158896.08002534104
TK1,2023-03-19T16:00:00,89.0,40.0,90.0,41.0,158896.08002534104
TK1,2023-03-19T16:00:00,89.0,41.0,90.0,42.0,123740.3223197358
TK2,2023-03-19T16:00:00,90.0,38.0,91.0,39.0,62294.000104455794
TK2,2023-03-19T16:00:00,90.0,39.0,91.0,40.0,102830.42844685682
TK2,2023-03-19T16:00:00,90.0,40.0,91.0,41.0,40924.95640957985
TK2,2023-03-19T16:00:00,90.0,41.0,91.0,42.0,41702.012543938974
TK2,2023-03-19T16:00:00,91.0,38.0,92.0,39.0,40406.918986673765
TK2,2023-03-19T16:00:00,91.0,39.0,92.0,40.0,103089.44715830986
TK2,2023-03-19T16:00:00,91.0,40.0,92.0,41.0,14116.519774190521
TK2,2023-03-19T16:00:00,92.0,38.0,93.0,39.0,3367.2432488894724
TK2,2023-03-19T16:00:00,92.0,39.0,93.0,40.0,90268.0209413843
TK2,2023-03-19T16:00:00,92.0,40.0,93.0,41.0,60739.88783573754
TK2,2023-03-19T16:00:00,93.0,39.0,94.0,40.0,72654.74856257746
TK2,2023-03-19T16:00:00,93.0,40.0,94.0,41.0,91692.62385437603
TK2,2023-03-19T16:00:00,93.0,41.0,94.0,42.0,906.5654900856273
TK2,2023-03-19T16:00:00,94.0,39.0,95.0,40.0,41831.521899665495
TK2,2023-03-19T16:00:00,94.0,40.0,95.0,41.0,103607.48458121595
TK2,2023-03-19T16:00:00,94.0,41.0,95.0,42.0,13209.954284104888
TK2,2023-03-19T16:00:00,95.0,39.0,96.0,40.0,14764.066552823117
TK2,2023-03-19T16:00:00,95.0,40.0,96.0,41.0,103607.48458121595
TK2,2023-03-19T16:00:00,95.0,41.0,96.0,42.0,18001.80044598607
TK2,2023-03-19T16:00:00,96.0,39.0,97.0,40.0,32118.32022017645
TK2,2023-03-19T16:00:00,96.0,40.0,97.0,41.0,103607.48458121595
TK2,2023-03-19T16:00:00,96.0,41.0,97.0,42.0,30046.170528552175
TK2,2023-03-19T16:00:00,97.0,39.0,98.0,40.0,45328.27450428156
TK2,2023-03-19T16:00:00,97.0,40.0,98.0,41.0,103607.48458121595
TK2,2023-03-19T16:00:00,97.0,41.0,98.0,42.0,29657.642461372623
TK2,2023-03-19T16:00:00,98.0,39.0,99.0,40.0,54134.91069368498
TK2,2023-03-19T16:00:00,98.0,40.0,99.0,41.0,96484.4700162573
TK2,2023-03-19T16:00:00,98.0,41.0,99.0,42.0,2072.149691624291
TK2,2023-03-19T16:00:00,99.0,39.0,100.0,40.0,81072.85668480131
TK2,2023-03-19T16:00:00,99.0,40.0,100.0,41.0,67603.88368924314
TK2,2023-03-19T16:00:00,100.0,39.0,101.0,40.0,98297.60099642859
TK2,2023-03-19T16:00:00,100.0,40.0,101.0,41.0,38593.78800650247
TK2,2023-03-19T16:00:00,101.0,38.0,102.0,39.0,15023.085264276155
TK2,2023-03-19T16:00:00,101.0,39.0,102.0,40.0,74467.87954274875
TK2,2023-03-19T16:00:00,101.0,40.0,102.0,41.0,3496.7526046159905
TK2,2023-03-19T16:00:00,102.0,38.0,103.0,39.0,13598.482351284445
TK2,2023-03-19T16:00:00,102.0,39.0,103.0,40.0,3755.771316069027
TK1,2023-03-19T17:00:00,80.0,38.0,81.0,39.0,3987.432429758092
TK1,2023-03-19T17:00:00,80.0,39.0,81.0,40.0,114838.05397703401
TK1,2023-03-19T17:00:00,80.0,40.0,81.0,41.0,110850.62154727582
TK1,2023-03-19T17:00:00,80.0,41.0,81.0,42.0,199.37162148790463
TK1,2023-03-19T17:00:00,81.0,38.0,82.0,39.0,16547.844583496073
TK1,2023-03-19T17:00:00,81.0,39.0,82.0,40.0,158699.8107043721
TK1,2023-03-19T17:00:00,81.0,40.0,82.0,41.0,159497.29719032368
TK1,2023-03-19T17:00:00,81.0,41.0,82.0,42.0,89517.8580480695
TK1,2023-03-19T17:00:00,82.0,39.0,83.0,40.0,123610.40532250203
TK1,2023-03-19T17:00:00,82.0,40.0,83.0,41.0,159497.29719032368
TK1,2023-03-19T17:00:00,82.0,41.0,83.0,42.0,145940.0269291468
TK1,2023-03-19T17:00:00,83.0,39.0,84.0,40.0,116034.28370596147
TK1,2023-03-19T17:00:00,83.0,40.0,84.0,41.0,159497.29719032368
TK1,2023-03-19T17:00:00,83.0,41.0,84.0,42.0,129790.92558862723
TK1,2023-03-19T17:00:00,84.0,38.0,85.0,39.0,74166.24319350046
TK1,2023-03-19T17:00:00,84.0,39.0,85.0,40.0,159497.29719032368
TK1,2023-03-19T17:00:00,84.0,40.0,85.0,41.0,159497.29719032368
TK1,2023-03-19T17:00:00,84.0,41.0,85.0,42.0,105866.33101007808
TK1,2023-03-19T17:00:00,85.0,37.0,86.0,38.0,199.37162148790463
TK1,2023-03-19T17:00:00,85.0,38.0,86.0,39.0,150924.3174663442
TK1,2023-03-19T17:00:00,85.0,39.0,86.0,40.0,159497.29719032368
TK1,2023-03-19T17:00:00,85.0,40.0,86.0,41.0,159497.29719032368
TK1,2023-03-19T17:00:00,85.0,41.0,86.0,42.0,78353.04724474656
TK1,2023-03-19T17:00:00,86.0,38.0,87.0,39.0,117230.51343488893
TK1,2023-03-19T17:00:00,86.0,39.0,87.0,40.0,159497.29719032368
TK1,2023-03-19T17:00:00,86.0,40.0,87.0,41.0,155709.23638205367
TK1,2023-03-19T17:00:00,86.0,41.0,87.0,42.0,4186.804051245997
TK1,2023-03-19T17:00:00,87.0,38.0,88.0,39.0,89119.11480509368
TK1,2023-03-19T17:00:00,87.0,39.0,88.0,40.0,159497.29719032368
TK1,2023-03-19T17:00:00,87.0,40.0,88.0,41.0,159497.29719032368
TK1,2023-03-19T17:00:00,87.0,41.0,88.0,42.0,114239.93911257028
TK1,2023-03-19T17:00:00,88.0,37.0,89.0,38.0,6579.263509100857
TK1,2023-03-19T17:00:00,88.0,38.0,89.0,39.0,140756.36477046154
TK1,2023-03-19T17:00:00,88.0,39.0,89.0,40.0,159497.29719032368
TK1,2023-03-19T17:00:00,88.0,40.0,89.0,41.0,159497.29719032368
TK1,2023-03-19T17:00:00,88.0,41.0,89.0,42.0,140556.99314897365
TK1,2023-03-19T17:00:00,89.0,37.0,90.0,38.0,4984.290537197617
TK1,2023-03-19T17:00:00,89.0,38.0,90.0,39.0,151323.06070931998
TK1,2023-03-19T17:00:00,89.0,39.0,90.0,40.0,159497.29719032368
TK1,2023-03-19T17:00:00,89.0,40.0,90.0,41.0,159497.29719032368
TK1,2023-03-19T17:00:00,89.0,41.0,90.0,42.0,124208.52018696576
TK2,2023-03-19T17:00:00,90.0,38.0,91.0,39.0,63415.97871646376
TK2,2023-03-19T17:00:00,90.0,39.0,91.0,40.0,104682.50956522305
TK2,2023-03-19T17:00:00,90.0,40.0,91.0,41.0,41662.05670353953
TK2,2023-03-19T17:00:00,90.0,41.0,91.0,42.0,42453.10841310041
TK2,2023-03-19T17:00:00,91.0,38.0,92.0,39.0,41134.68889716561
TK2,2023-03-19T17:00:00,91.0,39.0,92.0,40.0,104946.19346841001
TK2,2023-03-19T17:00:00,91.0,40.0,92.0,41.0,14370.772723689157
TK2,2023-03-19T17:00:00,92.0,38.0,93.0,39.0,3427.8907414304485
TK2,2023-03-19T17:00:00,92.0,39.0,93.0,40.0,91893.84026065547
TK2,2023-03-19T17:00:00,92.0,40.0,93.0,41.0,61833.875297342
TK2,2023-03-19T17:00:00,93.0,39.0,94.0,40.0,73963.33484394217
TK2,2023-03-19T17:00:00,93.0,40.0,94.0,41.0,93344.10172818376
TK2,2023-03-19T17:00:00,93.0,41.0,94.0,42.0,922.8936611543511
TK2,2023-03-19T17:00:00,94.0,39.0,95.0,40.0,42584.95036469389
TK2,2023-03-19T17:00:00,94.0,40.0,95.0,41.0,105473.56127478393
TK2,2023-03-19T17:00:00,94.0,41.0,95.0,42.0,13447.879062534808
TK2,2023-03-19T17:00:00,95.0,39.0,96.0,40.0,15029.982481656549
TK2,2023-03-19T17:00:00,95.0,40.0,96.0,41.0,105473.56127478393
TK2,2023-03-19T17:00:00,95.0,41.0,96.0,42.0,18326.031271493535
TK2,2023-03-19T17:00:00,96.0,39.0,97.0,40.0,32696.803995182876
TK2,2023-03-19T17:00:00,96.0,40.0,97.0,41.0,105473.56127478393
TK2,2023-03-19T17:00:00,96.0,41.0,97.0,42.0,30587.332769687193
TK2,2023-03-19T17:00:00,97.0,39.0,98.0,40.0,46144.683057717855
TK2,2023-03-19T17:00:00,97.0,40.0,98.0,41.0,105473.56127478393
TK2,2023-03-19T17:00:00,97.0,41.0,98.0,42.0,30191.806914906752
TK2,2023-03-19T17:00:00,98.0,39.0,99.0,40.0,55109.93576607451
TK2,2023-03-19T17:00:00,98.0,40.0,99.0,41.0,98222.25393714252
TK2,2023-03-19T17:00:00,98.0,41.0,99.0,42.0,2109.4712254956603
TK2,2023-03-19T17:00:00,99.0,39.0,100.0,40.0,82533.06169751838
TK2,2023-03-19T17:00:00,99.0,40.0,100.0,41.0,68821.49873179644
TK2,2023-03-19T17:00:00,100.0,39.0,101.0,40.0,100068.04125945125
TK2,2023-03-19T17:00:00,100.0,40.0,101.0,41.0,39288.901574856885
TK2,2023-03-19T17:00:00,101.0,38.0,102.0,39.0,15293.666384843506
TK2,2023-03-19T17:00:00,101.0,39.0,102.0,40.0,75809.12216625089
TK2,2023-03-19T17:00:00,101.0,40.0,102.0,41.0,3559.7326930239274
TK2,2023-03-19T17:00:00,102.0,38.0,103.0,39.0,13843.404917315243
TK2,2023-03-19T17:00:00,102.0,39.0,103.0,40.0,3823.416596210885
TK1,2023-03-19T18:00:00,80.0,38.0,81.0,39.0,4013.8013144379534
TK1,2023-03-19T18:00:00,80.0,39.0,81.0,40.0,115597.47785581269
TK1,2023-03-19T18:00:00,80.0,40.0,81.0,41.0,111583.6765413748
TK1,2023-03-19T18:00:00,80.0,41.0,81.0,42.0,200.69006572189772
TK1,2023-03-19T18:00:00,81.0,38.0,82.0,39.0,16657.2754549175
TK1,2023-03-19T18:00:00,81.0,39.0,82.0,40.0,159749.29231462936
TK1,2023-03-19T18:00:00,81.0,40.0,82.0,41.0,160552.05257751694
TK1,2023-03-19T18:00:00,81.0,41.0,82.0,42.0,90109.83950913216
TK1,2023-03-19T18:00:00,82.0,39.0,83.0,40.0,124427.84074757602
TK1,2023-03-19T18:00:00,82.0,40.0,83.0,41.0,160552.05257751694
TK1,2023-03-19T18:00:00,82.0,41.0,83.0,42.0,146905.12810842815
TK1,2023-03-19T18:00:00,83.0,39.0,84.0,40.0,116801.61825014405
TK1,2023-03-19T18:00:00,83.0,40.0,84.0,41.0,160552.05257751694
TK1,2023-03-19T18:00:00,83.0,41.0,84.0,42.0,130649.23278495473
TK1,2023-03-19T18:00:00,84.0,38.0,85.0,39.0,74656.70444854633
TK1,2023-03-19T18:00:00,84.0,39.0,85.0,40.0,160552.05257751694
TK1,2023-03-19T18:00:00,84.0,40.0,85.0,41.0,160552.05257751694
TK1,2023-03-19T18:00:00,84.0,41.0,85.0,42.0,106566.42489832746
TK1,2023-03-19T18:00:00,85.0,37.0,86.0,38.0,200.69006572189772
TK1,2023-03-19T18:00:00,85.0,38.0,86.0,39.0,151922.3797514755
TK1,2023-03-19T18:00:00,85.0,39.0,86.0,40.0,160552.05257751694
TK1,2023-03-19T18:00:00,85.0,40.0,86.0,41.0,160552.05257751694
TK1,2023-03-19T18:00:00,85.0,41.0,86.0,42.0,78871.1958287061
TK1,2023-03-19T18:00:00,86.0,38.0,87.0,39.0,118005.75864447541
TK1,2023-03-19T18:00:00,86.0,39.0,87.0,40.0,160552.05257751694
TK1,2023-03-19T18:00:00,86.0,40.0,87.0,41.0,156738.94132880095
TK1,2023-03-19T18:00:00,86.0,41.0,87.0,42.0,4214.491380159851
TK1,2023-03-19T18:00:00,87.0,38.0,88.0,39.0,89708.45937768837
TK1,2023-03-19T18:00:00,87.0,39.0,88.0,40.0,160552.05257751694
TK1,2023-03-19T18:00:00,87.0,40.0,88.0,41.0,160552.05257751694
TK1,2023-03-19T18:00:00,87.0,41.0,88.0,42.0,114995.407658647
TK1,2023-03-19T18:00:00,88.0,37.0,89.0,38.0,6622.772168822622
TK1,2023-03-19T18:00:00,88.0,38.0,89.0,39.0,141687.1863996589
TK1,2023-03-19T18:00:00,88.0,39.0,89.0,40.0,160552.05257751694
TK1,2023-03-19T18:00:00,88.0,40.0,89.0,41.0,160552.05257751694
TK1,2023-03-19T18:00:00,88.0,41.0,89.0,42.0,141486.49633393702
TK1,2023-03-19T18:00:00,89.0,37.0,90.0,38.0,5017.251643047442
TK1,2023-03-19T18:00:00,89.0,38.0,90.0,39.0,152323.7598829193
TK1,2023-03-19T18:00:00,89.0,39.0,90.0,40.0,160552.05257751694
TK1,2023-03-19T18:00:00,89.0,40.0,90.0,41.0,160552.05257751694
TK1,2023-03-19T18:00:00,89.0,41.0,90.0,42.0,125029.9109447417
TK2,2023-03-19T18:00:00,90.0,38.0,91.0,39.0,64259.54657092162
TK2,2023-03-19T18:00:00,90.0,39.0,91.0,40.0,106075.01034783931
TK2,2023-03-19T18:00:00,90.0,40.0,91.0,41.0,42216.25096966992
TK2,2023-03-19T18:00:00,90.0,41.0,91.0,42.0,43017.82535516998
TK2,2023-03-19T18:00:00,91.0,38.0,92.0,39.0,41681.86804600321
TK2,2023-03-19T18:00:00,91.0,39.0,92.0,40.0,106342.20180967265
TK2,2023-03-19T18:00:00,91.0,40.0,92.0,41.0,14561.934669917788
TK2,2023-03-19T18:00:00,92.0,38.0,93.0,39.0,3473.4890038335984
TK2,2023-03-19T18:00:00,92.0,39.0,93.0,40.0,93116.22444892235
TK2,2023-03-19T18:00:00,92.0,40.0,93.0,41.0,62656.3977999215
TK2,2023-03-19T18:00:00,93.0,39.0,94.0,40.0,74947.20504425527
TK2,2023-03-19T18:00:00,93.0,40.0,94.0,41.0,94585.77748900572
TK2,2023-03-19T18:00:00,93.0,41.0,94.0,42.0,935.1701164167375
TK2,2023-03-19T18:00:00,94.0,39.0,95.0,40.0,43151.42108608666
TK2,2023-03-19T18:00:00,94.0,40.0,95.0,41.0,106876.58473333933
TK2,2023-03-19T18:00:00,94.0,41.0,95.0,42.0,13626.764553501049
TK2,2023-03-19T18:00:00,95.0,39.0,96.0,40.0,15229.913324501173
TK2,2023-03-19T18:00:00,95.0,40.0,96.0,41.0,106876.58473333933
TK2,2023-03-19T18:00:00,95.0,41.0,96.0,42.0,18569.806597418097
TK2,2023-03-19T18:00:00,96.0,39.0,97.0,40.0,33131.741267335885
TK2,2023-03-19T18:00:00,96.0,40.0,97.0,41.0,106876.58473333933
TK2,2023-03-19T18:00:00,96.0,41.0,97.0,42.0,30994.209572669057
TK2,2023-03-19T18:00:00,97.0,39.0,98.0,40.0,46758.50582083694
TK2,2023-03-19T18:00:00,97.0,40.0,98.0,41.0,106876.58473333933
TK2,2023-03-19T18:00:00,97.0,41.0,98.0,42.0,30593.422379919026
TK2,2023-03-19T18:00:00,98.0,39.0,99.0,40.0,55843.01552317097
TK2,2023-03-19T18:00:00,98.0,40.0,99.0,41.0,99528.8195329225
TK2,2023-03-19T18:00:00,98.0,41.0,99.0,42.0,2137.5316946668286
TK2,2023-03-19T18:00:00,99.0,39.0,100.0,40.0,83630.9275538388
TK2,2023-03-19T18:00:00,99.0,40.0,100.0,41.0,69736.97153850515
TK2,2023-03-19T18:00:00,100.0,39.0,101.0,40.0,101399.15976575587
TK2,2023-03-19T18:00:00,100.0,40.0,101.0,41.0,39811.527813169734
TK2,2023-03-19T18:00:00,101.0,38.0,102.0,39.0,15497.104786334527
TK2,2023-03-19T18:00:00,101.0,39.0,102.0,40.0,76817.54527708865
TK2,2023-03-19T18:00:00,101.0,40.0,102.0,41.0,3607.0847347502754
TK2,2023-03-19T18:00:00,102.0,38.0,103.0,39.0,14027.55174625108
TK2,2023-03-19T18:00:00,102.0,39.0,103.0,40.0,3874.2761965836294
TK1,2023-03-19T19:00:00,80.0,38.0,81.0,39.0,4034.253891840863
TK1,2023-03-19T19:00:00,80.0,39.0,81.0,40.0,116186.51208501811
TK1,2023-03-19T19:00:00,80.0,40.0,81.0,41.0,112152.25819317719
TK1,2023-03-19T19:00:00,80.0,41.0,81.0,42.0,201.71269459204316
TK1,2023-03-19T19:00:00,81.0,38.0,82.0,39.0,16742.15365113957
TK1,2023-03-19T19:00:00,81.0,39.0,82.0,40.0,160563.3048952683
TK1,2023-03-19T19:00:00,81.0,40.0,82.0,41.0,161370.15567363647
TK1,2023-03-19T19:00:00,81.0,41.0,82.0,42.0,90568.99987182823
TK1,2023-03-19T19:00:00,82.0,39.0,83.0,40.0,125061.87064706815
TK1,2023-03-19T19:00:00,82.0,40.0,83.0,41.0,161370.15567363647
TK1,2023-03-19T19:00:00,82.0,41.0,83.0,42.0,147653.69244137732
TK1,2023-03-19T19:00:00,83.0,39.0,84.0,40.0,117396.78825257039
TK1,2023-03-19T19:00:00,83.0,40.0,84.0,41.0,161370.15567363647
TK1,2023-03-19T19:00:00,83.0,41.0,84.0,42.0,131314.96417942157
TK1,2023-03-19T19:00:00,84.0,38.0,85.0,39.0,75037.12238824066
TK1,2023-03-19T19:00:00,84.0,39.0,85.0,40.0,161370.15567363647
TK1,2023-03-19T19:00:00,84.0,40.0,85.0,41.0,161370.15567363647
TK1,2023-03-19T19:00:00,84.0,41.0,85.0,42.0,107109.44082837603
TK1,2023-03-19T19:00:00,85.0,37.0,86.0,38.0,201.71269459204316
TK1,2023-03-19T19:00:00,85.0,38.0,86.0,39.0,152696.50980617848
TK1,2023-03-19T19:00:00,85.0,39.0,86.0,40.0,161370.15567363647
TK1,2023-03-19T19:00:00,85.0,40.0,86.0,41.0,161370.15567363647
TK1,2023-03-19T19:00:00,85.0,41.0,86.0,42.0,79273.08897467364
TK1,2023-03-19T19:00:00,86.0,38.0,87.0,39.0,118607.06442012267
TK1,2023-03-19T19:00:00,86.0,39.0,87.0,40.0,161370.15567363647
TK1,2023-03-19T19:00:00,86.0,40.0,87.0,41.0,157537.6144763876
TK1,2023-03-19T19:00:00,86.0,41.0,87.0,42.0,4235.966586432906
TK1,2023-03-19T19:00:00,87.0,38.0,88.0,39.0,90165.57448264414
TK1,2023-03-19T19:00:00,87.0,39.0,88.0,40.0,161370.15567363647
TK1,2023-03-19T19:00:00,87.0,40.0,88.0,41.0,161370.15567363647
TK1,2023-03-19T19:00:00,87.0,41.0,88.0,42.0,115581.37400124197
TK1,2023-03-19T19:00:00,88.0,37.0,89.0,38.0,6656.518921537429
TK1,2023-03-19T19:00:00,88.0,38.0,89.0,39.0,142409.16238198412
TK1,2023-03-19T19:00:00,88.0,39.0,89.0,40.0,161370.15567363647
TK1,2023-03-19T19:00:00,88.0,40.0,89.0,41.0,161370.15567363647
TK1,2023-03-19T19:00:00,88.0,41.0,89.0,42.0,142207.44968739207
TK1,2023-03-19T19:00:00,89.0,37.0,90.0,38.0,5042.817364801081
TK1,2023-03-19T19:00:00,89.0,38.0,90.0,39.0,153099.93519536257
TK1,2023-03-19T19:00:00,89.0,39.0,90.0,40.0,161370.15567363647
TK1,2023-03-19T19:00:00,89.0,40.0,90.0,41.0,161370.15567363647
TK1,2023-03-19T19:00:00,89.0,41.0,90.0,42.0,125667.00873084429
TK2,2023-03-19T19:00:00,90.0,38.0,91.0,39.0,64511.26486566322
TK2,2023-03-19T19:00:00,90.0,39.0,91.0,40.0,106490.52869716338
TK2,2023-03-19T19:00:00,90.0,40.0,91.0,41.0,42381.62099282651
TK2,2023-03-19T19:00:00,90.0,41.0,91.0,42.0,43186.33531547512
TK2,2023-03-19T19:00:00,91.0,38.0,92.0,39.0,41845.14477772744
TK2,2023-03-19T19:00:00,91.0,39.0,92.0,40.0,106758.7668047129
TK2,2023-03-19T19:00:00,91.0,40.0,92.0,41.0,14618.976861449564
TK2,2023-03-19T19:00:00,92.0,38.0,93.0,39.0,3487.095398143943
TK2,2023-03-19T19:00:00,92.0,39.0,93.0,40.0,93480.98048101159
TK2,2023-03-19T19:00:00,92.0,40.0,93.0,41.0,62901.83622036601
TK2,2023-03-19T19:00:00,93.0,39.0,94.0,40.0,75240.78916764414
TK2,2023-03-19T19:00:00,93.0,40.0,94.0,41.0,94956.29007253396
TK2,2023-03-19T19:00:00,93.0,41.0,94.0,42.0,938.8333764233693
TK2,2023-03-19T19:00:00,94.0,39.0,95.0,40.0,43320.454369249885
TK2,2023-03-19T19:00:00,94.0,40.0,95.0,41.0,107295.24301981194
TK2,2023-03-19T19:00:00,94.0,41.0,95.0,42.0,13680.143485026201
TK2,2023-03-19T19:00:00,95.0,39.0,96.0,40.0,15289.572130323395
TK2,2023-03-19T19:00:00,95.0,40.0,96.0,41.0,107295.24301981194
TK2,2023-03-19T19:00:00,95.0,41.0,96.0,42.0,18642.54847469258
TK2,2023-03-19T19:00:00,96.0,39.0,97.0,40.0,33261.52533614229
TK2,2023-03-19T19:00:00,96.0,40.0,97.0,41.0,107295.24301981194
TK2,2023-03-19T19:00:00,96.0,41.0,97.0,42.0,31115.620475746
TK2,2023-03-19T19:00:00,97.0,39.0,98.0,40.0,46941.66882116862
TK2,2023-03-19T19:00:00,97.0,40.0,98.0,41.0,107295.24301981194
TK2,2023-03-19T19:00:00,97.0,41.0,98.0,42.0,30713.263314421696
TK2,2023-03-19T19:00:00,98.0,39.0,99.0,40.0,56061.76447785284
TK2,2023-03-19T19:00:00,98.0,40.0,99.0,41.0,99918.6950622001
TK2,2023-03-19T19:00:00,98.0,41.0,99.0,42.0,2145.9048603962724
TK2,2023-03-19T19:00:00,99.0,39.0,100.0,40.0,83958.52766300358
TK2,2023-03-19T19:00:00,99.0,40.0,100.0,41.0,70010.14607042847
TK2,2023-03-19T19:00:00,100.0,39.0,101.0,40.0,101796.36181504675
TK2,2023-03-19T19:00:00,100.0,40.0,101.0,41.0,39967.478024880686
TK2,2023-03-19T19:00:00,101.0,38.0,102.0,39.0,15557.810237872927
TK2,2023-03-19T19:00:00,101.0,39.0,102.0,40.0,77118.45592049079
TK2,2023-03-19T19:00:00,101.0,40.0,102.0,41.0,3621.21445191871
TK2,2023-03-19T19:00:00,102.0,38.0,103.0,39.0,14082.5006463505
TK2,2023-03-19T19:00:00,102.0,39.0,103.0,40.0,3889.452559468244
TK1,2023-03-19T20:00:00,80.0,38.0,81.0,39.0,3989.8323362209067
TK1,2023-03-19T20:00:00,80.0,39.0,81.0,40.0,114907.17128316306
TK1,2023-03-19T20:00:00,80.0,40.0,81.0,41.0,110917.33894694205
TK1,2023-03-19T20:00:00,80.0,41.0,81.0,42.0,199.49161681104533
TK1,2023-03-19T20:00:00,81.0,38.0,82.0,39.0,16557.804195316734
TK1,2023-03-19T20:00:00,81.0,39.0,82.0,40.0,158795.32698159412
TK1,2023-03-19T20:00:00,81.0,40.0,82.0,41.0,159593.29344883832
TK1,2023-03-19T20:00:00,81.0,41.0,82.0,42.0,89571.73594815966
TK1,2023-03-19T20:00:00,82.0,39.0,83.0,40.0,123684.80242284927
TK1,2023-03-19T20:00:00,82.0,40.0,83.0,41.0,159593.29344883832
TK1,2023-03-19T20:00:00,82.0,41.0,83.0,42.0,146027.8635056869
TK1,2023-03-19T20:00:00,83.0,39.0,84.0,40.0,116104.12098402936
TK1,2023-03-19T20:00:00,83.0,40.0,84.0,41.0,159593.29344883832
TK1,2023-03-19T20:00:00,83.0,41.0,84.0,42.0,129869.04254399183
TK1,2023-03-19T20:00:00,84.0,38.0,85.0,39.0,74210.88145370879
TK1,2023-03-19T20:00:00,84.0,39.0,85.0,40.0,159593.29344883832
TK1,2023-03-19T20:00:00,84.0,40.0,85.0,41.0,159593.29344883832
TK1,2023-03-19T20:00:00,84.0,41.0,85.0,42.0,105930.04852666579
TK1,2023-03-19T20:00:00,85.0,37.0,86.0,38.0,199.49161681104533
TK1,2023-03-19T20:00:00,85.0,38.0,86.0,39.0,151015.15392596315
TK1,2023-03-19T20:00:00,85.0,39.0,86.0,40.0,159593.29344883832
TK1,2023-03-19T20:00:00,85.0,40.0,86.0,41.0,159593.29344883832
TK1,2023-03-19T20:00:00,85.0,41.0,86.0,42.0,78400.20540674085
TK1,2023-03-19T20:00:00,86.0,38.0,87.0,39.0,117301.07068489566
TK1,2023-03-19T20:00:00,86.0,39.0,87.0,40.0,159593.29344883832
TK1,2023-03-19T20:00:00,86.0,40.0,87.0,41.0,155802.95272942836
TK1,2023-03-19T20:00:00,86.0,41.0,87.0,42.0,4189.3239530319515
TK1,2023-03-19T20:00:00,87.0,38.0,88.0,39.0,89172.75271453756
TK1,2023-03-19T20:00:00,87.0,39.0,88.0,40.0,159593.29344883832
TK1,2023-03-19T20:00:00,87.0,40.0,88.0,41.0,159593.29344883832
TK1,2023-03-19T20:00:00,87.0,41.0,88.0,42.0,114308.6964327299
TK1,2023-03-19T20:00:00,88.0,37.0,89.0,38.0,6583.22335476449
TK1,2023-03-19T20:00:00,88.0,38.0,89.0,39.0,140841.0814685996
TK1,2023-03-19T20:00:00,88.0,39.0,89.0,40.0,159593.29344883832
TK1,2023-03-19T20:00:00,88.0,40.0,89.0,41.0,159593.29344883832
TK1,2023-03-19T20:00:00,88.0,41.0,89.0,42.0,140641.58985178854
TK1,2023-03-19T20:00:00,89.0,37.0,90.0,38.0,4987.290420276131
TK1,2023-03-19T20:00:00,89.0,38.0,90.0,39.0,151414.13715958525
TK1,2023-03-19T20:00:00,89.0,39.0,90.0,40.0,159593.29344883832
TK1,2023-03-19T20:00:00,89.0,40.0,90.0,41.0,159593.29344883832
TK1,2023-03-19T20:00:00,89.0,41.0,90.0,42.0,124283.27727328242
TK2,2023-03-19T20:00:00,90.0,38.0,91.0,39.0,64967.728068396435
TK2,2023-03-19T20:00:00,90.0,39.0,91.0,40.0,107244.02512745508
TK2,2023-03-19T20:00:00,90.0,40.0,91.0,41.0,42681.50118422695
TK2,2023-03-19T20:00:00,90.0,41.0,91.0,42.0,43491.90943456039
TK2,2023-03-19T20:00:00,91.0,38.0,92.0,39.0,42141.229017337995
TK2,2023-03-19T20:00:00,91.0,39.0,92.0,40.0,107514.16121089955
TK2,2023-03-19T20:00:00,91.0,40.0,92.0,41.0,14722.41654772388
TK2,2023-03-19T20:00:00,92.0,38.0,93.0,39.0,3511.7690847781705
TK2,2023-03-19T20:00:00,92.0,39.0,93.0,40.0,94142.42508039858
TK2,2023-03-19T20:00:00,92.0,40.0,93.0,41.0,63346.91156772956
TK2,2023-03-19T20:00:00,93.0,39.0,94.0,40.0,75773.17140617502
TK2,2023-03-19T20:00:00,93.0,40.0,94.0,41.0,95628.17353934313
TK2,2023-03-19T20:00:00,93.0,41.0,94.0,42.0,945.4762920556607
TK2,2023-03-19T20:00:00,94.0,39.0,95.0,40.0,43626.97747628263
TK2,2023-03-19T20:00:00,94.0,40.0,95.0,41.0,108054.43337778847
TK2,2023-03-19T20:00:00,94.0,41.0,95.0,42.0,13776.940255668218
TK2,2023-03-19T20:00:00,95.0,39.0,96.0,40.0,15397.756756335068
TK2,2023-03-19T20:00:00,95.0,40.0,96.0,41.0,108054.43337778847
TK2,2023-03-19T20:00:00,95.0,41.0,96.0,42.0,18774.457799390973
TK2,2023-03-19T20:00:00,96.0,39.0,97.0,40.0,33496.87434711468
TK2,2023-03-19T20:00:00,96.0,40.0,97.0,41.0,108054.43337778847
TK2,2023-03-19T20:00:00,96.0,41.0,97.0,42.0,31335.78567955889
TK2,2023-03-19T20:00:00,97.0,39.0,98.0,40.0,47273.81460278309
TK2,2023-03-19T20:00:00,97.0,40.0,98.0,41.0,108054.43337778847
TK2,2023-03-19T20:00:00,97.0,41.0,98.0,42.0,30930.58155439218
TK2,2023-03-19T20:00:00,98.0,39.0,99.0,40.0,56458.44143989536
TK2,2023-03-19T20:00:00,98.0,40.0,99.0,41.0,100625.69108306571
TK2,2023-03-19T20:00:00,98.0,41.0,99.0,42.0,2161.088667555796
TK2,2023-03-19T20:00:00,99.0,39.0,100.0,40.0,84552.5941181201
TK2,2023-03-19T20:00:00,99.0,40.0,100.0,41.0,70505.51777900798
TK2,2023-03-19T20:00:00,100.0,39.0,101.0,40.0,102516.64366717696
TK2,2023-03-19T20:00:00,100.0,40.0,101.0,41.0,40250.276433226645
TK2,2023-03-19T20:00:00,101.0,38.0,102.0,39.0,15667.892839779543
TK2,2023-03-19T20:00:00,101.0,39.0,102.0,40.0,77664.12399028627
TK2,2023-03-19T20:00:00,101.0,40.0,102.0,41.0,3646.837126500408
TK2,2023-03-19T20:00:00,102.0,38.0,103.0,39.0,14182.14438083493
TK2,2023-03-19T20:00:00,102.0,39.0,103.0,40.0,3916.973209944883
TK2,2023-03-19T21:00:00,90.0,38.0,91.0,39.0,64140.82556473695
TK2,2023-03-19T21:00:00,90.0,39.0,91.0,40.0,105879.03430021236
TK2,2023-03-19T21:00:00,90.0,40.0,91.0,41.0,42138.25546456737
TK2,2023-03-19T21:00:00,90.0,41.0,91.0,42.0,42938.34892275536
TK2,2023-03-19T21:00:00,91.0,38.0,92.0,39.0,41604.859825775384
TK2,2023-03-19T21:00:00,91.0,39.0,92.0,40.0,106145.73211960836
TK2,2023-03-19T21:00:00,91.0,40.0,92.0,41.0,14535.031157081878
TK2,2023-03-19T21:00:00,92.0,38.0,93.0,39.0,3467.0716521479685
TK2,2023-03-19T21:00:00,92.0,39.0,93.0,40.0,92944.1900595059
TK2,2023-03-19T21:00:00,92.0,40.0,93.0,41.0,62540.63864836098
TK2,2023-03-19T21:00:00,93.0,39.0,94.0,40.0,74808.73834057726
TK2,2023-03-19T21:00:00,93.0,40.0,94.0,41.0,94411.02806618395
TK2,2023-03-19T21:00:00,93.0,41.0,94.0,42.0,933.4423678859914
TK2,2023-03-19T21:00:00,94.0,39.0,95.0,40.0,43071.697832453356
TK2,2023-03-19T21:00:00,94.0,40.0,95.0,41.0,106679.12775840038
TK2,2023-03-19T21:00:00,94.0,41.0,95.0,42.0,13601.588789195883
TK2,2023-03-19T21:00:00,95.0,39.0,96.0,40.0,15201.775705571874
TK2,2023-03-19T21:00:00,95.0,40.0,96.0,41.0,106679.12775840038
TK2,2023-03-19T21:00:00,95.0,41.0,96.0,42.0,18535.498448021826
TK2,2023-03-19T21:00:00,96.0,39.0,97.0,40.0,33070.52960510355
TK2,2023-03-19T21:00:00,96.0,40.0,97.0,41.0,106679.12775840038
TK2,2023-03-19T21:00:00,96.0,41.0,97.0,42.0,30936.94704993559
TK2,2023-03-19T21:00:00,97.0,39.0,98.0,40.0,46672.11839429929
TK2,2023-03-19T21:00:00,97.0,40.0,98.0,41.0,106679.12775840038
TK2,2023-03-19T21:00:00,97.0,41.0,98.0,42.0,30536.900320841596
TK2,2023-03-19T21:00:00,98.0,39.0,99.0,40.0,55739.84425376311
TK2,2023-03-19T21:00:00,98.0,40.0,99.0,41.0,99344.93772501012
TK2,2023-03-19T21:00:00,98.0,41.0,99.0,42.0,2133.5825551679804
TK2,2023-03-19T21:00:00,99.0,39.0,100.0,40.0,83476.41747094756
TK2,2023-03-19T21:00:00,99.0,40.0,100.0,41.0,69608.13086235507
TK2,2023-03-19T21:00:00,100.0,39.0,101.0,40.0,101211.82246078219
TK2,2023-03-19T21:00:00,100.0,40.0,101.0,41.0,39737.97509000342
TK2,2023-03-19T21:00:00,101.0,38.0,102.0,39.0,15468.473524967872
TK2,2023-03-19T21:00:00,101.0,39.0,102.0,40.0,76675.62307634932
TK2,2023-03-19T21:00:00,101.0,40.0,102.0,41.0,3600.4205618459673
TK2,2023-03-19T21:00:00,102.0,38.0,103.0,39.0,14001.63551828988
TK2,2023-03-19T21:00:00,102.0,39.0,103.0,40.0,3867.118381241965
TK2,2023-03-19T22:00:00,90.0,38.0,91.0,39.0,63613.84124728443
TK2,2023-03-19T22:00:00,90.0,39.0,91.0,40.0,105009.12671589325
TK2,2023-03-19T22:00:00,90.0,40.0,91.0,41.0,41792.04539322661
TK2,2023-03-19T22:00:00,90.0,41.0,91.0,42.0,42585.565242465076
TK2,2023-03-19T22:00:00,91.0,38.0,92.0,39.0,41263.032160400966
TK2,2023-03-19T22:00:00,91.0,39.0,92.0,40.0,105273.63333230608
TK2,2023-03-19T22:00:00,91.0,40.0,92.0,41.0,14415.610594499054
TK2,2023-03-19T22:00:00,92.0,38.0,93.0,39.0,3438.5860133667566
TK2,2023-03-19T22:00:00,92.0,39.0,93.0,40.0,92180.55581987067
TK2,2023-03-19T22:00:00,92.0,40.0,93.0,41.0,62026.801548807496
TK2,2023-03-19T22:00:00,93.0,39.0,94.0,40.0,74194.10590379778
TK2,2023-03-19T22:00:00,93.0,40.0,94.0,41.0,93635.34221014127
TK2,2023-03-19T22:00:00,93.0,41.0,94.0,42.0,925.7731574448954
TK2,2023-03-19T22:00:00,94.0,39.0,95.0,40.0,42717.81855067149
TK2,2023-03-19T22:00:00,94.0,40.0,95.0,41.0,105802.64656513176
TK2,2023-03-19T22:00:00,94.0,41.0,95.0,42.0,13489.837437054164
TK2,2023-03-19T22:00:00,95.0,39.0,96.0,40.0,15076.877135531118
TK2,2023-03-19T22:00:00,95.0,40.0,96.0,41.0,105802.64656513176
TK2,2023-03-19T22:00:00,95.0,41.0,96.0,42.0,18383.209840691467
TK2,2023-03-19T22:00:00,96.0,39.0,97.0,40.0,32798.82043519066
TK2,2023-03-19T22:00:00,96.0,40.0,97.0,41.0,105802.64656513176
TK2,2023-03-19T22:00:00,96.0,41.0,97.0,42.0,30682.76750388803
TK2,2023-03-19T22:00:00,97.0,39.0,98.0,40.0,46288.657872244585
TK2,2023-03-19T22:00:00,97.0,40.0,98.0,41.0,105802.64656513176
TK2,2023-03-19T22:00:00,97.0,41.0,98.0,42.0,30286.007579268786
TK2,2023-03-19T22:00:00,98.0,39.0,99.0,40.0,55281.882830280534
TK2,2023-03-19T22:00:00,98.0,40.0,99.0,41.0,98528.71461377875
TK2,2023-03-19T22:00:00,98.0,41.0,99.0,42.0,2116.052931302619
TK2,2023-03-19T22:00:00,99.0,39.0,100.0,40.0,82790.57093721497
TK2,2023-03-19T22:00:00,99.0,40.0,100.0,41.0,69036.22688374747
TK2,2023-03-19T22:00:00,100.0,39.0,101.0,40.0,100380.2609286686
TK2,2023-03-19T22:00:00,100.0,40.0,101.0,41.0,39411.48584551121
TK2,2023-03-19T22:00:00,101.0,38.0,102.0,39.0,15341.383751943944
TK2,2023-03-19T22:00:00,101.0,39.0,102.0,40.0,76045.65221868764
TK2,2023-03-19T22:00:00,101.0,40.0,102.0,41.0,3570.8393215731703
TK2,2023-03-19T22:00:00,102.0,38.0,103.0,39.0,13886.597361673403
TK2,2023-03-19T22:00:00,102.0,39.0,103.0,40.0,3835.345937985998
TK2,2023-03-19T23:00:00,90.0,38.0,91.0,39.0,62718.19635138554
TK2,2023-03-19T23:00:00,90.0,39.0,91.0,40.0,103530.6609209966
TK2,2023-03-19T23:00:00,90.0,40.0,91.0,41.0,41203.638351429705
TK2,2023-03-19T23:00:00,90.0,41.0,91.0,42.0,41985.98591506446
TK2,2023-03-19T23:00:00,91.0,38.0,92.0,39.0,40682.07330900653
TK2,2023-03-19T23:00:00,91.0,39.0,92.0,40.0,103791.44344220817
TK2,2023-03-19T23:00:00,91.0,40.0,92.0,41.0,14212.647406031088
TK2,2023-03-19T23:00:00,92.0,38.0,93.0,39.0,3390.1727757505446
TK2,2023-03-19T23:00:00,92.0,39.0,93.0,40.0,90882.70864223539
TK2,2023-03-19T23:00:00,92.0,40.0,93.0,41.0,61153.50122411602
TK2,2023-03-19T23:00:00,93.0,39.0,94.0,40.0,73149.49719984854
TK2,2023-03-19T23:00:00,93.0,40.0,94.0,41.0,92317.01250889903
TK2,2023-03-19T23:00:00,93.0,41.0,94.0,42.0,912.7388242405312
TK2,2023-03-19T23:00:00,94.0,39.0,95.0,40.0,42116.377175670255
TK2,2023-03-19T23:00:00,94.0,40.0,95.0,41.0,104313.00848463131
TK2,2023-03-19T23:00:00,94.0,41.0,95.0,42.0,13299.908581790563
TK2,2023-03-19T23:00:00,95.0,39.0,96.0,40.0,14864.603709060035
TK2,2023-03-19T23:00:00,95.0,40.0,96.0,41.0,104313.00848463131
TK2,2023-03-19T23:00:00,95.0,41.0,96.0,42.0,18124.38522420477
TK2,2023-03-19T23:00:00,96.0,39.0,97.0,40.0,32337.0326302358
TK2,2023-03-19T23:00:00,96.0,40.0,97.0,41.0,104313.00848463131
TK2,2023-03-19T23:00:00,96.0,41.0,97.0,42.0,30250.772460543172
TK2,2023-03-19T23:00:00,97.0,39.0,98.0,40.0,45636.941212026664
TK2,2023-03-19T23:00:00,97.0,40.0,98.0,41.0,104313.00848463131
TK2,2023-03-19T23:00:00,97.0,41.0,98.0,42.0,29859.598678725804
TK2,2023-03-19T23:00:00,98.0,39.0,99.0,40.0,54503.54693322058
TK2,2023-03-19T23:00:00,98.0,40.0,99.0,41.0,97141.4891513131
TK2,2023-03-19T23:00:00,98.0,41.0,99.0,42.0,2086.2601696926426
TK2,2023-03-19T23:00:00,99.0,39.0,100.0,40.0,81624.92913922461
TK2,2023-03-19T23:00:00,99.0,40.0,100.0,41.0,68064.2380362229
TK2,2023-03-19T23:00:00,100.0,39.0,101.0,40.0,98966.9667997941
TK2,2023-03-19T23:00:00,100.0,40.0,101.0,41.0,38856.59566052543
TK2,2023-03-19T23:00:00,101.0,38.0,102.0,39.0,15125.386230271613
TK2,2023-03-19T23:00:00,101.0,39.0,102.0,40.0,74974.97484832954
TK2,2023-03-19T23:00:00,101.0,40.0,102.0,41.0,3520.564036356335
TK2,2023-03-19T23:00:00,102.0,38.0,103.0,39.0,13691.082363607931
TK2,2023-03-19T23:00:00,102.0,39.0,103.0,40.0,3781.346557567915
TK2,2023-03-20T00:00:00,90.0,38.0,91.0,39.0,63903.48237028512
TK2,2023-03-20T00:00:00,90.0,39.0,91.0,40.0,105487.2453264149
TK2,2023-03-20T00:00:00,90.0,40.0,91.0,41.0,41982.32937424112
TK2,2023-03-20T00:00:00,90.0,41.0,91.0,42.0,42779.4622104609
TK2,2023-03-20T00:00:00,91.0,38.0,92.0,39.0,41450.90748342793
TK2,2023-03-20T00:00:00,91.0,39.0,92.0,40.0,105752.95627182147
TK2,2023-03-20T00:00:00,91.0,40.0,92.0,41.0,14481.246524659118
TK2,2023-03-20T00:00:00,92.0,38.0,93.0,39.0,3454.242290285651
TK2,2023-03-20T00:00:00,92.0,39.0,93.0,40.0,92600.26447419579
TK2,2023-03-20T00:00:00,92.0,40.0,93.0,41.0,62309.21669784556
TK2,2023-03-20T00:00:00,93.0,39.0,94.0,40.0,74531.92018654839
TK2,2023-03-20T00:00:00,93.0,40.0,94.0,41.0,94061.67467393198
TK2,2023-03-20T00:00:00,93.0,41.0,94.0,42.0,929.9883089230599
TK2,2023-03-20T00:00:00,94.0,39.0,95.0,40.0,42912.3176831642
TK2,2023-03-20T00:00:00,94.0,40.0,95.0,41.0,106284.37816263463
TK2,2023-03-20T00:00:00,94.0,41.0,95.0,42.0,13551.258215736052
TK2,2023-03-20T00:00:00,95.0,39.0,96.0,40.0,15145.523888175594
TK2,2023-03-20T00:00:00,95.0,40.0,96.0,41.0,106284.37816263463
TK2,2023-03-20T00:00:00,95.0,41.0,96.0,42.0,18466.910705757946
TK2,2023-03-20T00:00:00,96.0,39.0,97.0,40.0,32948.157230416924
TK2,2023-03-20T00:00:00,96.0,40.0,97.0,41.0,106284.37816263463
TK2,2023-03-20T00:00:00,96.0,41.0,97.0,42.0,30822.469667164227
TK2,2023-03-20T00:00:00,97.0,39.0,98.0,40.0,46499.415446153216
TK2,2023-03-20T00:00:00,97.0,40.0,98.0,41.0,106284.37816263463
TK2,2023-03-20T00:00:00,97.0,41.0,98.0,42.0,30423.903249054347
TK2,2023-03-20T00:00:00,98.0,39.0,99.0,40.0,55533.58758997741
TK2,2023-03-20T00:00:00,98.0,40.0,99.0,41.0,98977.3271639537
TK2,2023-03-20T00:00:00,98.0,41.0,99.0,42.0,2125.6875632527085
TK2,2023-03-20T00:00:00,99.0,39.0,100.0,40.0,83167.52591226222
TK2,2023-03-20T00:00:00,99.0,40.0,100.0,41.0,69350.5567511201
TK2,2023-03-20T00:00:00,100.0,39.0,101.0,40.0,100837.30378179975
TK2,2023-03-20T00:00:00,100.0,40.0,101.0,41.0,39590.93086558177
TK2,2023-03-20T00:00:00,101.0,38.0,102.0,39.0,15411.234833582184
TK2,2023-03-20T00:00:00,101.0,39.0,102.0,40.0,76391.89680439445
TK2,2023-03-20T00:00:00,101.0,40.0,102.0,41.0,3587.0977629889453
TK2,2023-03-20T00:00:00,102.0,38.0,103.0,39.0,13949.824633845938
TK2,2023-03-20T00:00:00,102.0,39.0,103.0,40.0,3852.808708395534
TK2,2023-03-20T01:00:00,90.0,38.0,91.0,39.0,65527.30485949048
TK2,2023-03-20T01:00:00,90.0,39.0,91.0,40.0,108167.73400922083
TK2,2023-03-20T01:00:00,90.0,40.0,91.0,41.0,43049.12335883391
TK2,2023-03-20T01:00:00,90.0,41.0,91.0,42.0,43866.5117770396
TK2,2023-03-20T01:00:00,91.0,38.0,92.0,39.0,42504.19774669678
TK2,2023-03-20T01:00:00,91.0,39.0,92.0,40.0,108440.1968152894
TK2,2023-03-20T01:00:00,91.0,40.0,92.0,41.0,14849.22293073702
TK2,2023-03-20T01:00:00,92.0,38.0,93.0,39.0,3542.0164788914094
TK2,2023-03-20T01:00:00,92.0,39.0,93.0,40.0,94953.28791489545
TK2,2023-03-20T01:00:00,92.0,40.0,93.0,41.0,63892.528023079096
TK2,2023-03-20T01:00:00,93.0,39.0,94.0,40.0,76425.81710223306
TK2,2023-03-20T01:00:00,93.0,40.0,94.0,41.0,96451.83334827256
TK2,2023-03-20T01:00:00,93.0,41.0,94.0,42.0,953.6198212399947
TK2,2023-03-20T01:00:00,94.0,39.0,95.0,40.0,44002.743180073885
TK2,2023-03-20T01:00:00,94.0,40.0,95.0,41.0,108985.12242742653
TK2,2023-03-20T01:00:00,94.0,41.0,95.0,42.0,13895.603109497031
TK2,2023-03-20T01:00:00,95.0,39.0,96.0,40.0,15530.37994590844
TK2,2023-03-20T01:00:00,95.0,40.0,96.0,41.0,108985.12242742653
TK2,2023-03-20T01:00:00,95.0,41.0,96.0,42.0,18936.165021765577
TK2,2023-03-20T01:00:00,96.0,39.0,97.0,40.0,33785.387952502715
TK2,2023-03-20T01:00:00,96.0,40.0,97.0,41.0,108985.12242742653
TK2,2023-03-20T01:00:00,96.0,41.0,97.0,42.0,31605.685503954166
TK2,2023-03-20T01:00:00,97.0,39.0,98.0,40.0,47680.991061999506
TK2,2023-03-20T01:00:00,97.0,40.0,98.0,41.0,108985.12242742653
TK2,2023-03-20T01:00:00,97.0,41.0,98.0,42.0,31196.99129485131
TK2,2023-03-20T01:00:00,98.0,39.0,99.0,40.0,56944.7264683307
TK2,2023-03-20T01:00:00,98.0,40.0,99.0,41.0,101492.395260541
TK2,2023-03-20T01:00:00,98.0,41.0,99.0,42.0,2179.7024485485595
TK2,2023-03-20T01:00:00,99.0,39.0,100.0,40.0,85280.85829946141
TK2,2023-03-20T01:00:00,99.0,40.0,100.0,41.0,71112.79238389606
TK2,2023-03-20T01:00:00,100.0,39.0,101.0,40.0,103399.63490302095
TK2,2023-03-20T01:00:00,100.0,40.0,101.0,41.0,40596.95810421683
TK2,2023-03-20T01:00:00,101.0,38.0,102.0,39.0,15802.842751977008
TK2,2023-03-20T01:00:00,101.0,39.0,102.0,40.0,78333.05674471302
TK2,2023-03-20T01:00:00,101.0,40.0,102.0,41.0,3678.2478819256944
TK2,2023-03-20T01:00:00,102.0,38.0,103.0,39.0,14304.297318599884
TK2,2023-03-20T01:00:00,102.0,39.0,103.0,40.0,3950.7106879942644
TK2,2023-03-20T03:00:00,90.0,38.0,91.0,39.0,68742.23529507217
TK2,2023-03-20T03:00:00,90.0,39.0,91.0,40.0,113474.70857440191
TK2,2023-03-20T03:00:00,90.0,40.0,91.0,41.0,45161.21902961081
TK2,2023-03-20T03:00:00,90.0,41.0,91.0,42.0,46018.71053017304
TK2,2023-03-20T03:00:00,91.0,38.0,92.0,39.0,44589.55802923599
TK2,2023-03-20T03:00:00,91.0,39.0,92.0,40.0,113760.53907458932
TK2,2023-03-20T03:00:00,91.0,40.0,92.0,41.0,15577.762260213824
TK2,2023-03-20T03:00:00,92.0,38.0,93.0,39.0,3715.796502436316
TK2,2023-03-20T03:00:00,92.0,39.0,93.0,40.0,99611.9293153125
TK2,2023-03-20T03:00:00,92.0,40.0,93.0,41.0,67027.2522939477
TK2,2023-03-20T03:00:00,93.0,39.0,94.0,40.0,80175.45530256859
TK2,2023-03-20T03:00:00,93.0,40.0,94.0,41.0,101183.99706634326
TK2,2023-03-20T03:00:00,93.0,41.0,94.0,42.0,1000.4067506559319
TK2,2023-03-20T03:00:00,94.0,39.0,95.0,40.0,46161.625780266746
TK2,2023-03-20T03:00:00,94.0,40.0,95.0,41.0,114332.20007496414
TK2,2023-03-20T03:00:00,94.0,41.0,95.0,42.0,14577.355509557887
TK2,2023-03-20T03:00:00,95.0,39.0,96.0,40.0,16292.33851068235
TK2,2023-03-20T03:00:00,95.0,40.0,96.0,41.0,114332.20007496414
TK2,2023-03-20T03:00:00,95.0,41.0,96.0,42.0,19865.21976302498
TK2,2023-03-20T03:00:00,96.0,39.0,97.0,40.0,35442.98202323885
TK2,2023-03-20T03:00:00,96.0,40.0,97.0,41.0,114332.20007496414
TK2,2023-03-20T03:00:00,96.0,41.0,97.0,42.0,33156.33802173957
TK2,2023-03-20T03:00:00,97.0,39.0,98.0,40.0,50020.33753279679
TK2,2023-03-20T03:00:00,97.0,40.0,98.0,41.0,114332.20007496414
TK2,2023-03-20T03:00:00,97.0,41.0,98.0,42.0,32727.592271458452
TK2,2023-03-20T03:00:00,98.0,39.0,99.0,40.0,59738.574539168745
TK2,2023-03-20T03:00:00,98.0,40.0,99.0,41.0,106471.86131981036
TK2,2023-03-20T03:00:00,98.0,41.0,99.0,42.0,2286.6440014992727
TK2,2023-03-20T03:00:00,99.0,39.0,100.0,40.0,89464.94655865943
TK2,2023-03-20T03:00:00,99.0,40.0,100.0,41.0,74601.76054891408
TK2,2023-03-20T03:00:00,100.0,39.0,101.0,40.0,108472.67482112223
TK2,2023-03-20T03:00:00,100.0,40.0,101.0,41.0,42588.744527924115
TK2,2023-03-20T03:00:00,101.0,38.0,102.0,39.0,16578.16901086976
TK2,2023-03-20T03:00:00,101.0,39.0,102.0,40.0,82176.26880388046
TK2,2023-03-20T03:00:00,101.0,40.0,102.0,41.0,3858.7117525300205
TK2,2023-03-20T03:00:00,102.0,38.0,103.0,39.0,15006.101259839003
TK2,2023-03-20T03:00:00,102.0,39.0,103.0,40.0,4144.54225271743
TK2,2023-03-20T04:00:00,90.0,38.0,91.0,39.0,69077.90812821532
TK2,2023-03-20T04:00:00,90.0,39.0,91.0,40.0,114028.81300166731
TK2,2023-03-20T04:00:00,90.0,40.0,91.0,41.0,45381.744217289124
TK2,2023-03-20T04:00:00,90.0,41.0,91.0,42.0,46243.422904959174
TK2,2023-03-20T04:00:00,91.0,38.0,92.0,39.0,44807.291758842424
TK2,2023-03-20T04:00:00,91.0,39.0,92.0,40.0,114316.03923089064
TK2,2023-03-20T04:00:00,91.0,40.0,92.0,41.0,15653.829492672414
TK2,2023-03-20T04:00:00,92.0,38.0,93.0,39.0,3733.9409799035147
TK2,2023-03-20T04:00:00,92.0,39.0,93.0,40.0,100098.34088433554
TK2,2023-03-20T04:00:00,92.0,40.0,93.0,41.0,67354.55075287531
TK2,2023-03-20T04:00:00,93.0,39.0,94.0,40.0,80566.95729714874
TK2,2023-03-20T04:00:00,93.0,40.0,94.0,41.0,101678.08514506389
TK2,2023-03-20T04:00:00,93.0,41.0,94.0,42.0,1005.291802281716
TK2,2023-03-20T04:00:00,94.0,39.0,95.0,40.0,46387.03601957085
TK2,2023-03-20T04:00:00,94.0,40.0,95.0,41.0,114890.49168933732
TK2,2023-03-20T04:00:00,94.0,41.0,95.0,42.0,14648.537690390702
TK2,2023-03-20T04:00:00,95.0,39.0,96.0,40.0,16371.89506573078
TK2,2023-03-20T04:00:00,95.0,40.0,96.0,41.0,114890.49168933732
TK2,2023-03-20T04:00:00,95.0,41.0,96.0,42.0,19962.222931022654
TK2,2023-03-20T04:00:00,96.0,39.0,97.0,40.0,35616.052423695226
TK2,2023-03-20T04:00:00,96.0,40.0,97.0,41.0,114890.49168933732
TK2,2023-03-20T04:00:00,96.0,41.0,97.0,42.0,33318.24258990843
TK2,2023-03-20T04:00:00,97.0,39.0,98.0,40.0,50264.59011408607
TK2,2023-03-20T04:00:00,97.0,40.0,98.0,41.0,114890.49168933732
TK2,2023-03-20T04:00:00,97.0,41.0,98.0,42.0,32887.4032460734
TK2,2023-03-20T04:00:00,98.0,39.0,99.0,40.0,60030.28190767997
TK2,2023-03-20T04:00:00,98.0,40.0,99.0,41.0,106991.77038569559
TK2,2023-03-20T04:00:00,98.0,41.0,99.0,42.0,2297.8098337867787
TK2,2023-03-20T04:00:00,99.0,39.0,100.0,40.0,89901.80974690714
TK2,2023-03-20T04:00:00,99.0,40.0,100.0,41.0,74966.0458272937
TK2,2023-03-20T04:00:00,100.0,39.0,101.0,40.0,109002.35399025894
TK2,2023-03-20T04:00:00,100.0,40.0,101.0,41.0,42796.708154278975
TK2,2023-03-20T04:00:00,101.0,38.0,102.0,39.0,16659.12129495413
TK2,2023-03-20T04:00:00,101.0,39.0,102.0,40.0,82577.54090171208
TK2,2023-03-20T04:00:00,101.0,40.0,102.0,41.0,3877.5540945151884
TK2,2023-03-20T04:00:00,102.0,38.0,103.0,39.0,15079.377034225721
TK2,2023-03-20T04:00:00,102.0,39.0,103.0,40.0,4164.780323738536
TK2,2023-03-20T05:00:00,90.0,38.0,91.0,39.0,69343.07728509439
TK2,2023-03-20T05:00:00,90.0,39.0,91.0,40.0,114466.53506104976
TK2,2023-03-20T05:00:00,90.0,40.0,91.0,41.0,45555.95098147575
TK2,2023-03-20T05:00:00,90.0,41.0,91.0,42.0,46420.937392516425
TK2,2023-03-20T05:00:00,91.0,38.0,92.0,39.0,44979.293374115296
TK2,2023-03-20T05:00:00,91.0,39.0,92.0,40.0,114754.86386472998
TK2,2023-03-20T05:00:00,91.0,40.0,92.0,41.0,15713.919800572356
TK2,2023-03-20T05:00:00,92.0,38.0,93.0,39.0,3748.2744478429504
TK2,2023-03-20T05:00:00,92.0,39.0,93.0,40.0,100482.5880825588
TK2,2023-03-20T05:00:00,92.0,40.0,93.0,41.0,67613.10446301303
TK2,2023-03-20T05:00:00,93.0,39.0,94.0,40.0,80876.22943230343
TK2,2023-03-20T05:00:00,93.0,40.0,94.0,41.0,102068.39650280004
TK2,2023-03-20T05:00:00,93.0,41.0,94.0,42.0,1009.1508128807949
TK2,2023-03-20T05:00:00,94.0,39.0,95.0,40.0,46565.10179435654
TK2,2023-03-20T05:00:00,94.0,40.0,95.0,41.0,115331.52147209043
TK2,2023-03-20T05:00:00,94.0,41.0,95.0,42.0,14704.768987691565
TK2,2023-03-20T05:00:00,95.0,39.0,96.0,40.0,16434.74180977292
TK2,2023-03-20T05:00:00,95.0,40.0,96.0,41.0,115331.52147209043
TK2,2023-03-20T05:00:00,95.0,41.0,96.0,42.0,20038.851855775745
TK2,2023-03-20T05:00:00,96.0,39.0,97.0,40.0,35752.771656348064
TK2,2023-03-20T05:00:00,96.0,40.0,97.0,41.0,115331.52147209043
TK2,2023-03-20T05:00:00,96.0,41.0,97.0,42.0,33446.14122690626
TK2,2023-03-20T05:00:00,97.0,39.0,98.0,40.0,50457.54064403959
TK2,2023-03-20T05:00:00,97.0,40.0,98.0,41.0,115331.52147209043
TK2,2023-03-20T05:00:00,97.0,41.0,98.0,42.0,33013.64802138592
TK2,2023-03-20T05:00:00,98.0,39.0,99.0,40.0,60260.71996916727
TK2,2023-03-20T05:00:00,98.0,40.0,99.0,41.0,107402.47937088422
TK2,2023-03-20T05:00:00,98.0,41.0,99.0,42.0,2306.630429441816
TK2,2023-03-20T05:00:00,99.0,39.0,100.0,40.0,90246.91555191077
TK2,2023-03-20T05:00:00,99.0,40.0,100.0,41.0,75253.81776053902
TK2,2023-03-20T05:00:00,100.0,39.0,101.0,40.0,109420.7809966458
TK2,2023-03-20T05:00:00,100.0,40.0,101.0,41.0,42960.991748353714
TK2,2023-03-20T05:00:00,101.0,38.0,102.0,39.0,16723.070613453147
TK2,2023-03-20T05:00:00,101.0,39.0,102.0,40.0,82894.53105806501
TK2,2023-03-20T05:00:00,101.0,40.0,102.0,41.0,3892.438849683064
TK2,2023-03-20T05:00:00,102.0,38.0,103.0,39.0,15137.262193211904
TK2,2023-03-20T05:00:00,102.0,39.0,103.0,40.0,4180.767653363291
TK2,2023-03-20T06:00:00,90.0,38.0,91.0,39.0,69819.6005246645
TK2,2023-03-20T06:00:00,90.0,39.0,91.0,40.0,115253.145148823
TK2,2023-03-20T06:00:00,90.0,40.0,91.0,41.0,45869.00990809534
TK2,2023-03-20T06:00:00,90.0,41.0,91.0,42.0,46739.94047597058
TK2,2023-03-20T06:00:00,91.0,38.0,92.0,39.0,45288.38952951184
TK2,2023-03-20T06:00:00,91.0,39.0,92.0,40.0,115543.45533811474
TK2,2023-03-20T06:00:00,91.0,40.0,92.0,41.0,15821.905316399894
TK2,2023-03-20T06:00:00,92.0,38.0,93.0,39.0,3774.0324607926464
TK2,2023-03-20T06:00:00,92.0,39.0,93.0,40.0,101173.10096817324
TK2,2023-03-20T06:00:00,92.0,40.0,93.0,41.0,68077.73938891402
TK2,2023-03-20T06:00:00,93.0,39.0,94.0,40.0,81432.00809633441
TK2,2023-03-20T06:00:00,93.0,40.0,94.0,41.0,102769.80700927785
TK2,2023-03-20T06:00:00,93.0,41.0,94.0,42.0,1016.0856625210971
TK2,2023-03-20T06:00:00,94.0,39.0,95.0,40.0,46885.09557061645
TK2,2023-03-20T06:00:00,94.0,40.0,95.0,41.0,116124.07571669824
TK2,2023-03-20T06:00:00,94.0,41.0,95.0,42.0,14805.819653878803
TK2,2023-03-20T06:00:00,95.0,39.0,96.0,40.0,16547.680789629245
TK2,2023-03-20T06:00:00,95.0,40.0,96.0,41.0,116124.07571669824
TK2,2023-03-20T06:00:00,95.0,41.0,96.0,42.0,20176.558155775998
TK2,2023-03-20T06:00:00,96.0,39.0,97.0,40.0,35998.46347217592
TK2,2023-03-20T06:00:00,96.0,40.0,97.0,41.0,116124.07571669824
TK2,2023-03-20T06:00:00,96.0,41.0,97.0,42.0,33675.98195784194
TK2,2023-03-20T06:00:00,97.0,39.0,98.0,40.0,50804.283126055045
TK2,2023-03-20T06:00:00,97.0,40.0,98.0,41.0,116124.07571669824
TK2,2023-03-20T06:00:00,97.0,41.0,98.0,42.0,33240.51667390432
TK2,2023-03-20T06:00:00,98.0,39.0,99.0,40.0,60674.82956197446
TK2,2023-03-20T06:00:00,98.0,40.0,99.0,41.0,108140.54551117518
TK2,2023-03-20T06:00:00,98.0,41.0,99.0,42.0,2322.481514333936
TK2,2023-03-20T06:00:00,99.0,39.0,100.0,40.0,90867.0892483162
TK2,2023-03-20T06:00:00,99.0,40.0,100.0,41.0,75770.95940514533
TK2,2023-03-20T06:00:00,100.0,39.0,101.0,40.0,110172.71683621741
TK2,2023-03-20T06:00:00,100.0,40.0,101.0,41.0,43256.21820446961
TK2,2023-03-20T06:00:00,101.0,38.0,102.0,39.0,16837.990978920985
TK2,2023-03-20T06:00:00,101.0,39.0,102.0,40.0,83464.17942137664
TK2,2023-03-20T06:00:00,101.0,40.0,102.0,41.0,3919.1875554385174
TK2,2023-03-20T06:00:00,102.0,38.0,103.0,39.0,15241.284937816414
TK2,2023-03-20T06:00:00,102.0,39.0,103.0,40.0,4209.497744730259
TK2,2023-03-20T07:00:00,90.0,38.0,91.0,39.0,69125.8231915707
TK2,2023-03-20T07:00:00,90.0,39.0,91.0,40.0,114107.9077216386
TK2,2023-03-20T07:00:00,90.0,40.0,91.0,41.0,45413.22272044966
TK2,2023-03-20T07:00:00,90.0,41.0,91.0,42.0,46275.49910121769
TK2,2023-03-20T07:00:00,91.0,38.0,92.0,39.0,44838.37179993764
TK2,2023-03-20T07:00:00,91.0,39.0,92.0,40.0,114395.33318189463
TK2,2023-03-20T07:00:00,91.0,40.0,92.0,41.0,15664.68758395258
TK2,2023-03-20T07:00:00,92.0,38.0,93.0,39.0,3736.5309833281467
TK2,2023-03-20T07:00:00,92.0,39.0,93.0,40.0,100167.7728992214
TK2,2023-03-20T07:00:00,92.0,40.0,93.0,41.0,67401.27043003455
TK2,2023-03-20T07:00:00,93.0,39.0,94.0,40.0,80622.8416018117
TK2,2023-03-20T07:00:00,93.0,40.0,94.0,41.0,101748.61293062953
TK2,2023-03-20T07:00:00,93.0,41.0,94.0,42.0,1005.9891108960395
TK2,2023-03-20T07:00:00,94.0,39.0,95.0,40.0,46419.211831345696
TK2,2023-03-20T07:00:00,94.0,40.0,95.0,41.0,114970.18410240668
TK2,2023-03-20T07:00:00,94.0,41.0,95.0,42.0,14658.698473056544
TK2,2023-03-20T07:00:00,95.0,39.0,96.0,40.0,16383.251234592606
TK2,2023-03-20T07:00:00,95.0,40.0,96.0,41.0,114970.18410240668
TK2,2023-03-20T07:00:00,95.0,41.0,96.0,42.0,19976.069487792738
TK2,2023-03-20T07:00:00,96.0,39.0,97.0,40.0,35640.757071745305
TK2,2023-03-20T07:00:00,96.0,40.0,97.0,41.0,114970.18410240668
TK2,2023-03-20T07:00:00,96.0,41.0,97.0,42.0,33341.35338969722
TK2,2023-03-20T07:00:00,97.0,39.0,98.0,40.0,50299.45554480184
TK2,2023-03-20T07:00:00,97.0,40.0,98.0,41.0,114970.18410240668
TK2,2023-03-20T07:00:00,97.0,41.0,98.0,42.0,32910.21519931321
TK2,2023-03-20T07:00:00,98.0,39.0,99.0,40.0,60071.92119350619
TK2,2023-03-20T07:00:00,98.0,40.0,99.0,41.0,107065.983945366
TK2,2023-03-20T07:00:00,98.0,41.0,99.0,42.0,2299.40368204809
TK2,2023-03-20T07:00:00,99.0,39.0,100.0,40.0,89964.16906013251
TK2,2023-03-20T07:00:00,99.0,40.0,100.0,41.0,75018.04512681921
TK2,2023-03-20T07:00:00,100.0,39.0,101.0,40.0,109077.96216715817
TK2,2023-03-20T07:00:00,100.0,40.0,101.0,41.0,42826.393578145566
TK2,2023-03-20T07:00:00,101.0,38.0,102.0,39.0,16670.67669484862
TK2,2023-03-20T07:00:00,101.0,39.0,102.0,40.0,82634.81982360387
TK2,2023-03-20T07:00:00,101.0,40.0,102.0,41.0,3880.2437134561524
TK2,2023-03-20T07:00:00,102.0,38.0,103.0,39.0,15089.83666344056
TK2,2023-03-20T07:00:00,102.0,39.0,103.0,40.0,4167.669173712164
TK2,2023-03-20T08:00:00,90.0,38.0,91.0,39.0,68537.07767696196
TK2,2023-03-20T08:00:00,90.0,39.0,91.0,40.0,113136.04922143156
TK2,2023-03-20T08:00:00,90.0,40.0,91.0,41.0,45026.43772540554
TK2,2023-03-20T08:00:00,90.0,41.0,91.0,42.0,45881.37008728032
TK2,2023-03-20T08:00:00,91.0,38.0,92.0,39.0,44456.48281748903
TK2,2023-03-20T08:00:00,91.0,39.0,92.0,40.0,113421.02667538983
TK2,2023-03-20T08:00:00,91.0,40.0,92.0,41.0,15531.271240725437
TK2,2023-03-20T08:00:00,92.0,38.0,93.0,39.0,3704.7069014574413
TK2,2023-03-20T08:00:00,92.0,39.0,93.0,40.0,99314.64270445536
TK2,2023-03-20T08:00:00,92.0,40.0,93.0,41.0,66827.21295321232
TK2,2023-03-20T08:00:00,93.0,39.0,94.0,40.0,79936.17583529284
TK2,2023-03-20T08:00:00,93.0,40.0,94.0,41.0,100882.01870122585
TK2,2023-03-20T08:00:00,93.0,41.0,94.0,42.0,997.421088853926
TK2,2023-03-20T08:00:00,94.0,39.0,95.0,40.0,46023.858814259445
TK2,2023-03-20T08:00:00,94.0,40.0,95.0,41.0,113990.98158330638
TK2,2023-03-20T08:00:00,94.0,41.0,95.0,42.0,14533.85015187151
TK2,2023-03-20T08:00:00,95.0,39.0,96.0,40.0,16243.714875621099
TK2,2023-03-20T08:00:00,95.0,40.0,96.0,41.0,113990.98158330638
TK2,2023-03-20T08:00:00,95.0,41.0,96.0,42.0,19805.93305009941
TK2,2023-03-20T08:00:00,96.0,39.0,97.0,40.0,35337.20429082478
TK2,2023-03-20T08:00:00,96.0,40.0,97.0,41.0,113990.98158330638
TK2,2023-03-20T08:00:00,96.0,41.0,97.0,42.0,33057.38465915872
TK2,2023-03-20T08:00:00,97.0,39.0,98.0,40.0,49871.054442695924
TK2,2023-03-20T08:00:00,97.0,40.0,98.0,41.0,113990.98158330638
TK2,2023-03-20T08:00:00,97.0,41.0,98.0,42.0,32629.918478221334
TK2,2023-03-20T08:00:00,98.0,39.0,99.0,40.0,59560.287877276685
TK2,2023-03-20T08:00:00,98.0,40.0,99.0,41.0,106154.10159945389
TK2,2023-03-20T08:00:00,98.0,41.0,99.0,42.0,2279.8196316661165
TK2,2023-03-20T08:00:00,99.0,39.0,100.0,40.0,89197.94308893669
TK2,2023-03-20T08:00:00,99.0,40.0,100.0,41.0,74379.11548310654
TK2,2023-03-20T08:00:00,100.0,39.0,101.0,40.0,108148.9437771618
TK2,2023-03-20T08:00:00,100.0,40.0,101.0,41.0,42461.640639781224
TK2,2023-03-20T08:00:00,101.0,38.0,102.0,39.0,16528.692329579364
TK2,2023-03-20T08:00:00,101.0,39.0,102.0,40.0,81931.01801300075
TK2,2023-03-20T08:00:00,101.0,40.0,102.0,41.0,3847.1956284365738
TK2,2023-03-20T08:00:00,102.0,38.0,103.0,39.0,14961.316332808907
TK2,2023-03-20T08:00:00,102.0,39.0,103.0,40.0,4132.173082394838
TK2,2023-03-20T09:00:00,90.0,38.0,91.0,39.0,67285.39183169931
TK2,2023-03-20T09:00:00,90.0,39.0,91.0,40.0,111069.85678663212
TK2,2023-03-20T09:00:00,90.0,40.0,91.0,41.0,44204.124363445095
TK2,2023-03-20T09:00:00,90.0,41.0,91.0,42.0,45043.44318047252
TK2,2023-03-20T09:00:00,91.0,38.0,92.0,39.0,43644.57848542681
TK2,2023-03-20T09:00:00,91.0,39.0,92.0,40.0,111349.62972564128
TK2,2023-03-20T09:00:00,91.0,40.0,92.0,41.0,15247.62517599856
TK2,2023-03-20T09:00:00,92.0,38.0,93.0,39.0,3637.0482071189167
TK2,2023-03-20T09:00:00,92.0,39.0,93.0,40.0,97500.86924468809
TK2,2023-03-20T09:00:00,92.0,40.0,93.0,41.0,65606.75419764438
TK2,2023-03-20T09:00:00,93.0,39.0,94.0,40.0,78476.30939206552
TK2,2023-03-20T09:00:00,93.0,40.0,94.0,41.0,99039.62040923844
TK2,2023-03-20T09:00:00,93.0,41.0,94.0,42.0,979.2052865320165
TK2,2023-03-20T09:00:00,94.0,39.0,95.0,40.0,45183.32964997709
TK2,2023-03-20T09:00:00,94.0,40.0,95.0,41.0,111909.17560365959
TK2,2023-03-20T09:00:00,94.0,41.0,95.0,42.0,14268.419889466542
TK2,2023-03-20T09:00:00,95.0,39.0,96.0,40.0,15947.057523521431
TK2,2023-03-20T09:00:00,95.0,40.0,96.0,41.0,111909.17560365959
TK2,2023-03-20T09:00:00,95.0,41.0,96.0,42.0,19444.219261135782
TK2,2023-03-20T09:00:00,96.0,39.0,97.0,40.0,34691.84443713431
TK2,2023-03-20T09:00:00,96.0,40.0,97.0,41.0,111909.17560365959
TK2,2023-03-20T09:00:00,96.0,41.0,97.0,42.0,32453.66092506117
TK2,2023-03-20T09:00:00,97.0,39.0,98.0,40.0,48960.26432660049
TK2,2023-03-20T09:00:00,97.0,40.0,98.0,41.0,111909.17560365959
TK2,2023-03-20T09:00:00,97.0,41.0,98.0,42.0,32034.001516547447
TK2,2023-03-20T09:00:00,98.0,39.0,99.0,40.0,58472.54425291128
TK2,2023-03-20T09:00:00,98.0,40.0,99.0,41.0,104215.41978090782
TK2,2023-03-20T09:00:00,98.0,41.0,99.0,42.0,2238.1835120731807
TK2,2023-03-20T09:00:00,99.0,39.0,100.0,40.0,87568.92990986307
TK2,2023-03-20T09:00:00,99.0,40.0,100.0,41.0,73020.737081387
TK2,2023-03-20T09:00:00,100.0,39.0,101.0,40.0,106173.8303539719
TK2,2023-03-20T09:00:00,100.0,40.0,101.0,41.0,41686.16791236283
TK2,2023-03-20T09:00:00,101.0,38.0,102.0,39.0,16226.83046253058
TK2,2023-03-20T09:00:00,101.0,39.0,102.0,40.0,80434.71996512961
TK2,2023-03-20T09:00:00,101.0,40.0,102.0,41.0,3776.9346766234903
TK2,2023-03-20T09:00:00,102.0,38.0,103.0,39.0,14688.079297980265
TK2,2023-03-20T09:00:00,102.0,39.0,103.0,40.0,4056.7076156326375
TK2,2023-03-20T10:00:00,90.0,38.0,91.0,39.0,65331.203612691475
TK2,2023-03-20T10:00:00,90.0,39.0,91.0,40.0,107844.02425878984
TK2,2023-03-20T10:00:00,90.0,40.0,91.0,41.0,42920.29177050024
TK2,2023-03-20T10:00:00,90.0,41.0,91.0,42.0,43735.234019307194
TK2,2023-03-20T10:00:00,91.0,38.0,92.0,39.0,42376.99693796227
TK2,2023-03-20T10:00:00,91.0,39.0,92.0,40.0,108115.67167505884
TK2,2023-03-20T10:00:00,91.0,40.0,92.0,41.0,14804.784186659866
TK2,2023-03-20T10:00:00,92.0,38.0,93.0,39.0,3531.416411496851
TK2,2023-03-20T10:00:00,92.0,39.0,93.0,40.0,94669.12456974338
TK2,2023-03-20T10:00:00,92.0,40.0,93.0,41.0,63701.31911507757
TK2,2023-03-20T10:00:00,93.0,39.0,94.0,40.0,76197.10026345143
TK2,2023-03-20T10:00:00,93.0,40.0,94.0,41.0,96163.18535922287
TK2,2023-03-20T10:00:00,93.0,41.0,94.0,42.0,950.7659569414606
TK2,2023-03-20T10:00:00,94.0,39.0,95.0,40.0,43871.05772744169
TK2,2023-03-20T10:00:00,94.0,40.0,95.0,41.0,108658.96650759684
TK2,2023-03-20T10:00:00,94.0,41.0,95.0,42.0,13854.018229718407
TK2,2023-03-20T10:00:00,95.0,39.0,96.0,40.0,15483.902727332337
TK2,2023-03-20T10:00:00,95.0,40.0,96.0,41.0,108658.96650759684
TK2,2023-03-20T10:00:00,95.0,41.0,96.0,42.0,18879.495430694726
TK2,2023-03-20T10:00:00,96.0,39.0,97.0,40.0,33684.27961735476
TK2,2023-03-20T10:00:00,96.0,40.0,97.0,41.0,108658.96650759684
TK2,2023-03-20T10:00:00,96.0,41.0,97.0,42.0,31511.10028720285
TK2,2023-03-20T10:00:00,97.0,39.0,98.0,40.0,47538.29784707298
TK2,2023-03-20T10:00:00,97.0,40.0,98.0,41.0,108658.96650759684
TK2,2023-03-20T10:00:00,97.0,41.0,98.0,42.0,31103.629162799363
TK2,2023-03-20T10:00:00,98.0,39.0,99.0,40.0,56774.31000021846
TK2,2023-03-20T10:00:00,98.0,40.0,99.0,41.0,101188.66256019936
TK2,2023-03-20T10:00:00,98.0,41.0,99.0,42.0,2173.1793301519097
TK2,2023-03-20T10:00:00,99.0,39.0,100.0,40.0,85025.6412921939
TK2,2023-03-20T10:00:00,99.0,40.0,100.0,41.0,70899.97564620594
TK2,2023-03-20T10:00:00,100.0,39.0,101.0,40.0,103090.19447408235
TK2,2023-03-20T10:00:00,100.0,40.0,101.0,41.0,40475.46502407938
TK2,2023-03-20T10:00:00,101.0,38.0,102.0,39.0,15755.550143601326
TK2,2023-03-20T10:00:00,101.0,39.0,102.0,40.0,78098.63217733442
TK2,2023-03-20T10:00:00,101.0,40.0,102.0,41.0,3667.2401196313454
TK2,2023-03-20T10:00:00,102.0,38.0,103.0,39.0,14261.48935412189
TK2,2023-03-20T10:00:00,102.0,39.0,103.0,40.0,3938.8875359003337
TK2,2023-03-20T11:00:00,90.0,38.0,91.0,39.0,61248.8437024807
TK2,2023-03-20T11:00:00,90.0,39.0,91.0,40.0,101105.15987478303
TK2,2023-03-20T11:00:00,90.0,40.0,91.0,41.0,40238.32559248214
TK2,2023-03-20T11:00:00,90.0,41.0,91.0,42.0,41002.344432845726
TK2,2023-03-20T11:00:00,91.0,38.0,92.0,39.0,39728.97969890642
TK2,2023-03-20T11:00:00,91.0,39.0,92.0,40.0,101359.8328215709
TK2,2023-03-20T11:00:00,91.0,40.0,92.0,41.0,13879.675599938499
TK2,2023-03-20T11:00:00,92.0,38.0,93.0,39.0,3310.7483082422195
TK2,2023-03-20T11:00:00,92.0,39.0,93.0,40.0,88753.52195557105
TK2,2023-03-20T11:00:00,92.0,40.0,93.0,41.0,59720.80602175353
TK2,2023-03-20T11:00:00,93.0,39.0,94.0,40.0,71435.76157399549
TK2,2023-03-20T11:00:00,93.0,40.0,94.0,41.0,90154.22316290437
TK2,2023-03-20T11:00:00,93.0,41.0,94.0,42.0,891.3553137575201
TK2,2023-03-20T11:00:00,94.0,39.0,95.0,40.0,41129.68090623966
TK2,2023-03-20T11:00:00,94.0,40.0,95.0,41.0,101869.17871514666
TK2,2023-03-20T11:00:00,94.0,41.0,95.0,42.0,12988.320286180984
TK2,2023-03-20T11:00:00,95.0,39.0,96.0,40.0,14516.357966908152
TK2,2023-03-20T11:00:00,95.0,40.0,96.0,41.0,101869.17871514666
TK2,2023-03-20T11:00:00,95.0,41.0,96.0,42.0,17699.769801756418
TK2,2023-03-20T11:00:00,96.0,39.0,97.0,40.0,31579.44540169486
TK2,2023-03-20T11:00:00,96.0,40.0,97.0,41.0,101869.17871514666
TK2,2023-03-20T11:00:00,96.0,41.0,97.0,42.0,29542.061827391968
TK2,2023-03-20T11:00:00,97.0,39.0,98.0,40.0,44567.765687875784
TK2,2023-03-20T11:00:00,97.0,40.0,98.0,41.0,101869.17871514666
TK2,2023-03-20T11:00:00,97.0,41.0,98.0,42.0,29160.052407210176
TK2,2023-03-20T11:00:00,98.0,39.0,99.0,40.0,53226.64587866307
TK2,2023-03-20T11:00:00,98.0,40.0,99.0,41.0,94865.67267848007
TK2,2023-03-20T11:00:00,98.0,41.0,99.0,42.0,2037.383574302904
TK2,2023-03-20T11:00:00,99.0,39.0,100.0,40.0,79712.63234460146
TK2,2023-03-20T11:00:00,99.0,40.0,100.0,41.0,66469.63911163191
TK2,2023-03-20T11:00:00,100.0,39.0,101.0,40.0,96648.3833059952
TK2,2023-03-20T11:00:00,100.0,40.0,101.0,41.0,37946.26907139139
TK2,2023-03-20T11:00:00,101.0,38.0,102.0,39.0,14771.030913696013
TK2,2023-03-20T11:00:00,101.0,39.0,102.0,40.0,73218.47220151062
TK2,2023-03-20T11:00:00,101.0,40.0,102.0,41.0,3438.084781636151
TK2,2023-03-20T11:00:00,102.0,38.0,103.0,39.0,13370.329706362776
TK2,2023-03-20T11:00:00,102.0,39.0,103.0,40.0,3692.757728424014
MG,2023-03-21T00:00:00,100.0,44.0,101.0,45.0,8902.226434798118
MG,2023-03-21T00:00:00,100.0,45.0,101.0,46.0,25257.47965221793
MG,2023-03-21T00:00:00,101.0,44.0,102.0,45.0,106205.63165235793
MG,2023-03-21T00:00:00,101.0,45.0,102.0,46.0,37472.16243484797
MG,2023-03-21T00:00:00,102.0,43.0,103.0,44.0,62315.58504358702
MG,2023-03-21T00:00:00,102.0,44.0,103.0,45.0,110139.17356540814
MG,2023-03-21T00:00:00,103.0,42.0,104.0,43.0,33538.62052179762
MG,2023-03-21T00:00:00,103.0,43.0,104.0,44.0,159826.01878288653
MG,2023-03-21T00:00:00,103.0,44.0,104.0,45.0,152994.07756548305
MG,2023-03-21T00:00:00,104.0,41.0,105.0,42.0,14284.968000024866
MG,2023-03-21T00:00:00,104.0,42.0,105.0,43.0,106205.63165235793
MG,2023-03-21T00:00:00,104.0,43.0,105.0,44.0,160447.10434810503
MG,2023-03-21T00:00:00,104.0,44.0,105.0,45.0,154650.30573939905
MG,2023-03-21T00:00:00,104.0,45.0,105.0,46.0,2484.3422608738942
MG,2023-03-21T00:00:00,105.0,40.0,106.0,41.0,2070.285217394912
MG,2023-03-21T00:00:00,105.0,41.0,106.0,42.0,147818.36452199557
MG,2023-03-21T00:00:00,105.0,42.0,106.0,43.0,165622.8173915925
MG,2023-03-21T00:00:00,105.0,43.0,106.0,44.0,160447.10434810503
MG,2023-03-21T00:00:00,105.0,44.0,106.0,45.0,165622.8173915925
MG,2023-03-21T00:00:00,105.0,45.0,106.0,46.0,27120.73634787336
MG,2023-03-21T00:00:00,106.0,40.0,107.0,41.0,40577.59026094035
MG,2023-03-21T00:00:00,106.0,41.0,107.0,42.0,165622.8173915925
MG,2023-03-21T00:00:00,106.0,42.0,107.0,43.0,165622.8173915925
MG,2023-03-21T00:00:00,106.0,43.0,107.0,44.0,160447.10434810503
MG,2023-03-21T00:00:00,106.0,44.0,107.0,45.0,165622.8173915925
MG,2023-03-21T00:00:00,106.0,45.0,107.0,46.0,32710.506434839648
MG,2023-03-21T00:00:00,107.0,40.0,108.0,41.0,36229.991304411014
MG,2023-03-21T00:00:00,107.0,41.0,108.0,42.0,165622.8173915925
MG,2023-03-21T00:00:00,107.0,42.0,108.0,43.0,165622.8173915925
MG,2023-03-21T00:00:00,107.0,43.0,108.0,44.0,160447.10434810503
MG,2023-03-21T00:00:00,107.0,44.0,108.0,45.0,165622.8173915925
MG,2023-03-21T00:00:00,107.0,45.0,108.0,46.0,73702.1537392588
MG,2023-03-21T00:00:00,108.0,40.0,109.0,41.0,207.02852173949114
MG,2023-03-21T00:00:00,108.0,41.0,109.0,42.0,132291.2253915331
MG,2023-03-21T00:00:00,108.0,42.0,109.0,43.0,165622.8173915925
MG,2023-03-21T00:00:00,108.0,43.0,109.0,44.0,160447.10434810503
MG,2023-03-21T00:00:00,108.0,44.0,109.0,45.0,165622.8173915925
MG,2023-03-21T00:00:00,108.0,45.0,109.0,46.0,84467.63686971202
MG,2023-03-21T00:00:00,109.0,41.0,110.0,42.0,93990.94886972832
MG,2023-03-21T00:00:00,109.0,42.0,110.0,43.0,165622.8173915925
MG,2023-03-21T00:00:00,109.0,43.0,110.0,44.0,160447.10434810503
MG,2023-03-21T00:00:00,109.0,44.0,110.0,45.0,165622.8173915925
MG,2023-03-21T00:00:00,109.0,45.0,110.0,46.0,74116.21078273778
MG,2023-03-21T00:00:00,110.0,41.0,111.0,42.0,54862.55826096531
MG,2023-03-21T00:00:00,110.0,42.0,111.0,43.0,165622.8173915925
MG,2023-03-21T00:00:00,110.0,43.0,111.0,44.0,160447.10434810503
MG,2023-03-21T00:00:00,110.0,44.0,111.0,45.0,165622.8173915925
MG,2023-03-21T00:00:00,110.0,45.0,111.0,46.0,32503.477913100156
MG,2023-03-21T00:00:00,111.0,41.0,112.0,42.0,828.1140869579646
MG,2023-03-21T00:00:00,111.0,42.0,112.0,43.0,156720.59095679404
MG,2023-03-21T00:00:00,111.0,43.0,112.0,44.0,160447.10434810503
MG,2023-03-21T00:00:00,111.0,44.0,112.0,45.0,141607.50886981058
MG,2023-03-21T00:00:00,111.0,45.0,112.0,46.0,414.0570434789823
MG,2023-03-21T00:00:00,112.0,42.0,113.0,43.0,129185.79756544075
MG,2023-03-21T00:00:00,112.0,43.0,113.0,44.0,160447.10434810503
MG,2023-03-21T00:00:00,112.0,44.0,113.0,45.0,76600.5530436116
MG,2023-03-21T00:00:00,113.0,42.0,114.0,43.0,6003.827130445245
MG,2023-03-21T00:00:00,113.0,43.0,114.0,44.0,57760.9575653182
MG,2023-03-21T00:00:00,113.0,44.0,114.0,45.0,7660.055304361174
MG,2023-03-21T01:00:00,100.0,44.0,101.0,45.0,9023.424835045855
MG,2023-03-21T01:00:00,100.0,45.0,101.0,46.0,25601.3448808277
MG,2023-03-21T01:00:00,101.0,44.0,102.0,45.0,107651.55675298815
MG,2023-03-21T01:00:00,101.0,45.0,102.0,46.0,37982.32314286726
MG,2023-03-21T01:00:00,102.0,43.0,103.0,44.0,63163.973845320594
MG,2023-03-21T01:00:00,102.0,44.0,103.0,45.0,111638.65144754326
MG,2023-03-21T01:00:00,103.0,42.0,104.0,43.0,33995.22844831215
MG,2023-03-21T01:00:00,103.0,43.0,104.0,44.0,162001.9528524521
MG,2023-03-21T01:00:00,103.0,44.0,104.0,45.0,155076.99890927694
MG,2023-03-21T01:00:00,104.0,41.0,105.0,42.0,14479.449153910791
MG,2023-03-21T01:00:00,104.0,42.0,105.0,43.0,107651.55675298815
MG,2023-03-21T01:00:00,104.0,43.0,105.0,44.0,162631.49412001346
MG,2023-03-21T01:00:00,104.0,44.0,105.0,45.0,156755.77562277394
MG,2023-03-21T01:00:00,104.0,45.0,105.0,46.0,2518.1650702453535
MG,2023-03-21T01:00:00,105.0,40.0,106.0,41.0,2098.4708918711276
MG,2023-03-21T01:00:00,105.0,41.0,106.0,42.0,149830.8216795988
MG,2023-03-21T01:00:00,105.0,42.0,106.0,43.0,167877.6713496916
MG,2023-03-21T01:00:00,105.0,43.0,106.0,44.0,162631.49412001346
MG,2023-03-21T01:00:00,105.0,44.0,106.0,45.0,167877.6713496916
MG,2023-03-21T01:00:00,105.0,45.0,106.0,46.0,27489.9686835117
MG,2023-03-21T01:00:00,106.0,40.0,107.0,41.0,41130.029480673926
MG,2023-03-21T01:00:00,106.0,41.0,107.0,42.0,167877.6713496916
MG,2023-03-21T01:00:00,106.0,42.0,107.0,43.0,167877.6713496916
MG,2023-03-21T01:00:00,106.0,43.0,107.0,44.0,162631.49412001346
MG,2023-03-21T01:00:00,106.0,44.0,107.0,45.0,167877.6713496916
MG,2023-03-21T01:00:00,106.0,45.0,107.0,46.0,33155.8400915637
MG,2023-03-21T01:00:00,107.0,40.0,108.0,41.0,36723.24060774459
MG,2023-03-21T01:00:00,107.0,41.0,108.0,42.0,167877.6713496916
MG,2023-03-21T01:00:00,107.0,42.0,108.0,43.0,167877.6713496916
MG,2023-03-21T01:00:00,107.0,43.0,108.0,44.0,162631.49412001346
MG,2023-03-21T01:00:00,107.0,44.0,108.0,45.0,167877.6713496916
MG,2023-03-21T01:00:00,107.0,45.0,108.0,46.0,74705.5637506117
MG,2023-03-21T01:00:00,108.0,40.0,109.0,41.0,209.84708918711277
MG,2023-03-21T01:00:00,108.0,41.0,109.0,42.0,134092.28999056437
MG,2023-03-21T01:00:00,108.0,42.0,109.0,43.0,167877.6713496916
MG,2023-03-21T01:00:00,108.0,43.0,109.0,44.0,162631.49412001346
MG,2023-03-21T01:00:00,108.0,44.0,109.0,45.0,167877.6713496916
MG,2023-03-21T01:00:00,108.0,45.0,109.0,46.0,85617.61238834148
MG,2023-03-21T01:00:00,109.0,41.0,110.0,42.0,95270.5784909486
MG,2023-03-21T01:00:00,109.0,42.0,110.0,43.0,167877.6713496916
MG,2023-03-21T01:00:00,109.0,43.0,110.0,44.0,162631.49412001346
MG,2023-03-21T01:00:00,109.0,44.0,110.0,45.0,167877.6713496916
MG,2023-03-21T01:00:00,109.0,45.0,110.0,46.0,75125.25792898593
MG,2023-03-21T01:00:00,110.0,41.0,111.0,42.0,55609.47863458459
MG,2023-03-21T01:00:00,110.0,42.0,111.0,43.0,167877.6713496916
MG,2023-03-21T01:00:00,110.0,43.0,111.0,44.0,162631.49412001346
MG,2023-03-21T01:00:00,110.0,44.0,111.0,45.0,167877.6713496916
MG,2023-03-21T01:00:00,110.0,45.0,111.0,46.0,32945.99300237659
MG,2023-03-21T01:00:00,111.0,41.0,112.0,42.0,839.3883567484511
MG,2023-03-21T01:00:00,111.0,42.0,112.0,43.0,158854.2465146452
MG,2023-03-21T01:00:00,111.0,43.0,112.0,44.0,162631.49412001346
MG,2023-03-21T01:00:00,111.0,44.0,112.0,45.0,143535.40900398503
MG,2023-03-21T01:00:00,111.0,45.0,112.0,46.0,419.69417837422554
MG,2023-03-21T01:00:00,112.0,42.0,113.0,43.0,130944.58365275749
MG,2023-03-21T01:00:00,112.0,43.0,113.0,44.0,162631.49412001346
MG,2023-03-21T01:00:00,112.0,44.0,113.0,45.0,77643.42299923126
MG,2023-03-21T01:00:00,113.0,42.0,114.0,43.0,6085.5655864262735
MG,2023-03-21T01:00:00,113.0,43.0,114.0,44.0,58547.33788320415
MG,2023-03-21T01:00:00,113.0,44.0,114.0,45.0,7764.342299923177
MG,2023-03-21T02:00:00,100.0,44.0,101.0,45.0,9216.926424834777
MG,2023-03-21T02:00:00,100.0,45.0,101.0,46.0,26150.34939139163
MG,2023-03-21T02:00:00,101.0,44.0,102.0,45.0,109960.0757195399
MG,2023-03-21T02:00:00,101.0,45.0,102.0,46.0,38796.82983476964
MG,2023-03-21T02:00:00,102.0,43.0,103.0,44.0,64518.48497384378
MG,2023-03-21T02:00:00,102.0,44.0,103.0,45.0,114032.67111655984
MG,2023-03-21T02:00:00,103.0,42.0,104.0,43.0,34724.23443774957
MG,2023-03-21T02:00:00,103.0,43.0,104.0,44.0,165475.98139470638
MG,2023-03-21T02:00:00,103.0,44.0,104.0,45.0,158402.52623146123
MG,2023-03-21T02:00:00,104.0,41.0,105.0,42.0,14789.951704967412
MG,2023-03-21T02:00:00,104.0,42.0,105.0,43.0,109960.0757195399
MG,2023-03-21T02:00:00,104.0,43.0,105.0,44.0,166119.0227731832
MG,2023-03-21T02:00:00,104.0,44.0,105.0,45.0,160117.30324073278
MG,2023-03-21T02:00:00,104.0,45.0,105.0,46.0,2572.1655139073805
MG,2023-03-21T02:00:00,105.0,40.0,106.0,41.0,2143.4712615894837
MG,2023-03-21T02:00:00,105.0,41.0,106.0,42.0,153043.84807748764
MG,2023-03-21T02:00:00,105.0,42.0,106.0,43.0,171477.7009271568
MG,2023-03-21T02:00:00,105.0,43.0,106.0,44.0,166119.0227731832
MG,2023-03-21T02:00:00,105.0,44.0,106.0,45.0,171477.7009271568
MG,2023-03-21T02:00:00,105.0,45.0,106.0,46.0,28079.47352682216
MG,2023-03-21T02:00:00,106.0,40.0,107.0,41.0,42012.03672715391
MG,2023-03-21T02:00:00,106.0,41.0,107.0,42.0,171477.7009271568
MG,2023-03-21T02:00:00,106.0,42.0,107.0,43.0,171477.7009271568
MG,2023-03-21T02:00:00,106.0,43.0,107.0,44.0,166119.0227731832
MG,2023-03-21T02:00:00,106.0,44.0,107.0,45.0,171477.7009271568
MG,2023-03-21T02:00:00,106.0,45.0,107.0,46.0,33866.845933113764
MG,2023-03-21T02:00:00,107.0,40.0,108.0,41.0,37510.74707781593
MG,2023-03-21T02:00:00,107.0,41.0,108.0,42.0,171477.7009271568
MG,2023-03-21T02:00:00,107.0,42.0,108.0,43.0,171477.7009271568
MG,2023-03-21T02:00:00,107.0,43.0,108.0,44.0,166119.0227731832
MG,2023-03-21T02:00:00,107.0,44.0,108.0,45.0,171477.7009271568
MG,2023-03-21T02:00:00,107.0,45.0,108.0,46.0,76307.57691258572
MG,2023-03-21T02:00:00,108.0,40.0,109.0,41.0,214.34712615894836
MG,2023-03-21T02:00:00,108.0,41.0,109.0,42.0,136967.81361556685
MG,2023-03-21T02:00:00,108.0,42.0,109.0,43.0,171477.7009271568
MG,2023-03-21T02:00:00,108.0,43.0,109.0,44.0,166119.0227731832
MG,2023-03-21T02:00:00,108.0,44.0,109.0,45.0,171477.7009271568
MG,2023-03-21T02:00:00,108.0,45.0,109.0,46.0,87453.6274728508
MG,2023-03-21T02:00:00,109.0,41.0,110.0,42.0,97313.59527616222
MG,2023-03-21T02:00:00,109.0,42.0,110.0,43.0,171477.7009271568
MG,2023-03-21T02:00:00,109.0,43.0,110.0,44.0,166119.0227731832
MG,2023-03-21T02:00:00,109.0,44.0,110.0,45.0,171477.7009271568
MG,2023-03-21T02:00:00,109.0,45.0,110.0,46.0,76736.2711649036
MG,2023-03-21T02:00:00,110.0,41.0,111.0,42.0,56801.988432121536
MG,2023-03-21T02:00:00,110.0,42.0,111.0,43.0,171477.7009271568
MG,2023-03-21T02:00:00,110.0,43.0,111.0,44.0,166119.0227731832
MG,2023-03-21T02:00:00,110.0,44.0,111.0,45.0,171477.7009271568
MG,2023-03-21T02:00:00,110.0,45.0,111.0,46.0,33652.49880695481
MG,2023-03-21T02:00:00,111.0,41.0,112.0,42.0,857.3885046357934
MG,2023-03-21T02:00:00,111.0,42.0,112.0,43.0,162260.77450232222
MG,2023-03-21T02:00:00,111.0,43.0,112.0,44.0,166119.0227731832
MG,2023-03-21T02:00:00,111.0,44.0,112.0,45.0,146613.43429271932
MG,2023-03-21T02:00:00,111.0,45.0,112.0,46.0,428.6942523178967
MG,2023-03-21T02:00:00,112.0,42.0,113.0,43.0,133752.6067231827
MG,2023-03-21T02:00:00,112.0,43.0,113.0,44.0,166119.0227731832
MG,2023-03-21T02:00:00,112.0,44.0,113.0,45.0,79308.43667881093
MG,2023-03-21T02:00:00,113.0,42.0,114.0,43.0,6216.066658609503
MG,2023-03-21T02:00:00,113.0,43.0,114.0,44.0,59802.84819834685
MG,2023-03-21T02:00:00,113.0,44.0,114.0,45.0,7930.84366788109
MG,2023-03-21T03:00:00,100.0,44.0,101.0,45.0,9257.058458654785
MG,2023-03-21T03:00:00,100.0,45.0,101.0,46.0,26264.212371067082
MG,2023-03-21T03:00:00,101.0,44.0,102.0,45.0,110438.86021604319
MG,2023-03-21T03:00:00,101.0,45.0,102.0,46.0,38965.75769805859
MG,2023-03-21T03:00:00,102.0,43.0,103.0,44.0,64799.40921058369
MG,2023-03-21T03:00:00,102.0,44.0,103.0,45.0,114529.18837219286
MG,2023-03-21T03:00:00,103.0,42.0,104.0,43.0,34875.42954190878
MG,2023-03-21T03:00:00,103.0,43.0,104.0,44.0,166196.4913972437
MG,2023-03-21T03:00:00,103.0,44.0,104.0,45.0,159092.23723129905
MG,2023-03-21T03:00:00,104.0,41.0,105.0,42.0,14854.349619701843
MG,2023-03-21T03:00:00,104.0,42.0,105.0,43.0,110438.86021604319
MG,2023-03-21T03:00:00,104.0,43.0,105.0,44.0,166842.33268505684
MG,2023-03-21T03:00:00,104.0,44.0,105.0,45.0,160814.48066546745
MG,2023-03-21T03:00:00,104.0,45.0,105.0,46.0,2583.365151252499
MG,2023-03-21T03:00:00,105.0,40.0,106.0,41.0,2152.8042927104157
MG,2023-03-21T03:00:00,105.0,41.0,106.0,42.0,153710.2264995228
MG,2023-03-21T03:00:00,105.0,42.0,106.0,43.0,172224.3434168331
MG,2023-03-21T03:00:00,105.0,43.0,106.0,44.0,166842.33268505684
MG,2023-03-21T03:00:00,105.0,44.0,106.0,45.0,172224.3434168331
MG,2023-03-21T03:00:00,105.0,45.0,106.0,46.0,28201.736234506465
MG,2023-03-21T03:00:00,106.0,40.0,107.0,41.0,42194.964137124225
MG,2023-03-21T03:00:00,106.0,41.0,107.0,42.0,172224.3434168331
MG,2023-03-21T03:00:00,106.0,42.0,107.0,43.0,172224.3434168331
MG,2023-03-21T03:00:00,106.0,43.0,107.0,44.0,166842.33268505684
MG,2023-03-21T03:00:00,106.0,44.0,107.0,45.0,172224.3434168331
MG,2023-03-21T03:00:00,106.0,45.0,107.0,46.0,34014.30782482461
MG,2023-03-21T03:00:00,107.0,40.0,108.0,41.0,37674.07512243233
MG,2023-03-21T03:00:00,107.0,41.0,108.0,42.0,172224.3434168331
MG,2023-03-21T03:00:00,107.0,42.0,108.0,43.0,172224.3434168331
MG,2023-03-21T03:00:00,107.0,43.0,108.0,44.0,166842.33268505684
MG,2023-03-21T03:00:00,107.0,44.0,108.0,45.0,172224.3434168331
MG,2023-03-21T03:00:00,107.0,45.0,108.0,46.0,76639.83282049066
MG,2023-03-21T03:00:00,108.0,40.0,109.0,41.0,215.2804292710415
MG,2023-03-21T03:00:00,108.0,41.0,109.0,42.0,137564.19430419407
MG,2023-03-21T03:00:00,108.0,42.0,109.0,43.0,172224.3434168331
MG,2023-03-21T03:00:00,108.0,43.0,109.0,44.0,166842.33268505684
MG,2023-03-21T03:00:00,108.0,44.0,109.0,45.0,172224.3434168331
MG,2023-03-21T03:00:00,108.0,45.0,109.0,46.0,87834.41514258449
MG,2023-03-21T03:00:00,109.0,41.0,110.0,42.0,97737.31488905211
MG,2023-03-21T03:00:00,109.0,42.0,110.0,43.0,172224.3434168331
MG,2023-03-21T03:00:00,109.0,43.0,110.0,44.0,166842.33268505684
MG,2023-03-21T03:00:00,109.0,44.0,110.0,45.0,172224.3434168331
MG,2023-03-21T03:00:00,109.0,45.0,110.0,46.0,77070.39367903273
MG,2023-03-21T03:00:00,110.0,41.0,111.0,42.0,57049.31375682616
MG,2023-03-21T03:00:00,110.0,42.0,111.0,43.0,172224.3434168331
MG,2023-03-21T03:00:00,110.0,43.0,111.0,44.0,166842.33268505684
MG,2023-03-21T03:00:00,110.0,44.0,111.0,45.0,172224.3434168331
MG,2023-03-21T03:00:00,110.0,45.0,111.0,46.0,33799.02739555357
MG,2023-03-21T03:00:00,111.0,41.0,112.0,42.0,861.121717084166
MG,2023-03-21T03:00:00,111.0,42.0,112.0,43.0,162967.28495817794
MG,2023-03-21T03:00:00,111.0,43.0,112.0,44.0,166842.33268505684
MG,2023-03-21T03:00:00,111.0,44.0,112.0,45.0,147251.8136213913
MG,2023-03-21T03:00:00,111.0,45.0,112.0,46.0,430.560858542083
MG,2023-03-21T03:00:00,112.0,42.0,113.0,43.0,134334.98786512832
MG,2023-03-21T03:00:00,112.0,43.0,113.0,44.0,166842.33268505684
MG,2023-03-21T03:00:00,112.0,44.0,113.0,45.0,79653.75883028515
MG,2023-03-21T03:00:00,113.0,42.0,114.0,43.0,6243.132448860206
MG,2023-03-21T03:00:00,113.0,43.0,114.0,44.0,60063.239766620754
MG,2023-03-21T03:00:00,113.0,44.0,114.0,45.0,7965.375883028539
MG,2023-03-21T04:00:00,100.0,44.0,101.0,45.0,9460.519835738041
MG,2023-03-21T04:00:00,100.0,45.0,101.0,46.0,26841.474882791637
MG,2023-03-21T04:00:00,101.0,44.0,102.0,45.0,112866.20176124808
MG,2023-03-21T04:00:00,101.0,45.0,102.0,46.0,39822.18814578115
MG,2023-03-21T04:00:00,102.0,43.0,103.0,44.0,66223.63885016678
MG,2023-03-21T04:00:00,102.0,44.0,103.0,45.0,117046.43145610915
MG,2023-03-21T04:00:00,103.0,42.0,104.0,43.0,35641.95845092009
MG,2023-03-21T04:00:00,103.0,43.0,104.0,44.0,169849.33286487786
MG,2023-03-21T04:00:00,103.0,44.0,104.0,45.0,162588.93392117228
MG,2023-03-21T04:00:00,104.0,41.0,105.0,42.0,15180.834155021503
MG,2023-03-21T04:00:00,104.0,42.0,105.0,43.0,112866.20176124808
MG,2023-03-21T04:00:00,104.0,43.0,105.0,44.0,170509.36913248745
MG,2023-03-21T04:00:00,104.0,44.0,105.0,45.0,164349.03063479788
MG,2023-03-21T04:00:00,104.0,45.0,105.0,46.0,2640.1450704385256
MG,2023-03-21T04:00:00,105.0,40.0,106.0,41.0,2200.1208920321046
MG,2023-03-21T04:00:00,105.0,41.0,106.0,42.0,157088.6316910923
MG,2023-03-21T04:00:00,105.0,42.0,106.0,43.0,176009.67136256743
MG,2023-03-21T04:00:00,105.0,43.0,106.0,44.0,170509.36913248745
MG,2023-03-21T04:00:00,105.0,44.0,106.0,45.0,176009.67136256743
MG,2023-03-21T04:00:00,105.0,45.0,106.0,46.0,28821.583685620528
MG,2023-03-21T04:00:00,106.0,40.0,107.0,41.0,43122.36948382935
MG,2023-03-21T04:00:00,106.0,41.0,107.0,42.0,176009.67136256743
MG,2023-03-21T04:00:00,106.0,42.0,107.0,43.0,176009.67136256743
MG,2023-03-21T04:00:00,106.0,43.0,107.0,44.0,170509.36913248745
MG,2023-03-21T04:00:00,106.0,44.0,107.0,45.0,176009.67136256743
MG,2023-03-21T04:00:00,106.0,45.0,107.0,46.0,34761.91009410723
MG,2023-03-21T04:00:00,107.0,40.0,108.0,41.0,38502.115610561865
MG,2023-03-21T04:00:00,107.0,41.0,108.0,42.0,176009.67136256743
MG,2023-03-21T04:00:00,107.0,42.0,108.0,43.0,176009.67136256743
MG,2023-03-21T04:00:00,107.0,43.0,108.0,44.0,170509.36913248745
MG,2023-03-21T04:00:00,107.0,44.0,108.0,45.0,176009.67136256743
MG,2023-03-21T04:00:00,107.0,45.0,108.0,46.0,78324.30375634354
MG,2023-03-21T04:00:00,108.0,40.0,109.0,41.0,220.01208920321042
MG,2023-03-21T04:00:00,108.0,41.0,109.0,42.0,140587.72500085237
MG,2023-03-21T04:00:00,108.0,42.0,109.0,43.0,176009.67136256743
MG,2023-03-21T04:00:00,108.0,43.0,109.0,44.0,170509.36913248745
MG,2023-03-21T04:00:00,108.0,44.0,109.0,45.0,176009.67136256743
MG,2023-03-21T04:00:00,108.0,45.0,109.0,46.0,89764.93239491065
MG,2023-03-21T04:00:00,109.0,41.0,110.0,42.0,99885.48849825848
MG,2023-03-21T04:00:00,109.0,42.0,110.0,43.0,176009.67136256743
MG,2023-03-21T04:00:00,109.0,43.0,110.0,44.0,170509.36913248745
MG,2023-03-21T04:00:00,109.0,44.0,110.0,45.0,176009.67136256743
MG,2023-03-21T04:00:00,109.0,45.0,110.0,46.0,78764.32793474996
MG,2023-03-21T04:00:00,110.0,41.0,111.0,42.0,58303.2036388511
MG,2023-03-21T04:00:00,110.0,42.0,111.0,43.0,176009.67136256743
MG,2023-03-21T04:00:00,110.0,43.0,111.0,44.0,170509.36913248745
MG,2023-03-21T04:00:00,110.0,44.0,111.0,45.0,176009.67136256743
MG,2023-03-21T04:00:00,110.0,45.0,111.0,46.0,34541.89800490402
MG,2023-03-21T04:00:00,111.0,41.0,112.0,42.0,880.0483568128417
MG,2023-03-21T04:00:00,111.0,42.0,112.0,43.0,166549.15152682987
MG,2023-03-21T04:00:00,111.0,43.0,112.0,44.0,170509.36913248745
MG,2023-03-21T04:00:00,111.0,44.0,112.0,45.0,150488.26901499633
MG,2023-03-21T04:00:00,111.0,45.0,112.0,46.0,440.02417840642084
MG,2023-03-21T04:00:00,112.0,42.0,113.0,43.0,137287.54366280438
MG,2023-03-21T04:00:00,112.0,43.0,113.0,44.0,170509.36913248745
MG,2023-03-21T04:00:00,112.0,44.0,113.0,45.0,81404.47300518853
MG,2023-03-21T04:00:00,113.0,42.0,114.0,43.0,6380.3505868931
MG,2023-03-21T04:00:00,113.0,43.0,114.0,44.0,61383.37288769609
MG,2023-03-21T04:00:00,113.0,44.0,114.0,45.0,8140.44730051878
MG,2023-03-21T05:00:00,100.0,44.0,101.0,45.0,9693.287341337515
MG,2023-03-21T05:00:00,100.0,45.0,101.0,46.0,27501.885014957585
MG,2023-03-21T05:00:00,101.0,44.0,102.0,45.0,115643.17223502653
MG,2023-03-21T05:00:00,101.0,45.0,102.0,46.0,40801.97694842068
MG,2023-03-21T05:00:00,102.0,43.0,103.0,44.0,67853.01138936255
MG,2023-03-21T05:00:00,102.0,44.0,103.0,45.0,119926.25268817566
MG,2023-03-21T05:00:00,103.0,42.0,104.0,43.0,36518.89649527155
MG,2023-03-21T05:00:00,103.0,43.0,104.0,44.0,174028.32157005943
MG,2023-03-21T05:00:00,103.0,44.0,104.0,45.0,166589.2870988004
MG,2023-03-21T05:00:00,104.0,41.0,105.0,42.0,15554.344803541588
MG,2023-03-21T05:00:00,104.0,42.0,105.0,43.0,115643.17223502653
MG,2023-03-21T05:00:00,104.0,43.0,105.0,44.0,174704.59743108298
MG,2023-03-21T05:00:00,104.0,44.0,105.0,45.0,168392.6893948632
MG,2023-03-21T05:00:00,104.0,45.0,105.0,46.0,2705.1034440941926
MG,2023-03-21T05:00:00,105.0,40.0,106.0,41.0,2254.2528700784937
MG,2023-03-21T05:00:00,105.0,41.0,106.0,42.0,160953.6549236042
MG,2023-03-21T05:00:00,105.0,42.0,106.0,43.0,180340.2296062792
MG,2023-03-21T05:00:00,105.0,43.0,106.0,44.0,174704.59743108298
MG,2023-03-21T05:00:00,105.0,44.0,106.0,45.0,180340.2296062792
MG,2023-03-21T05:00:00,105.0,45.0,106.0,46.0,29530.712598028225
MG,2023-03-21T05:00:00,106.0,40.0,107.0,41.0,44183.35625353841
MG,2023-03-21T05:00:00,106.0,41.0,107.0,42.0,180340.2296062792
MG,2023-03-21T05:00:00,106.0,42.0,107.0,43.0,180340.2296062792
MG,2023-03-21T05:00:00,106.0,43.0,107.0,44.0,174704.59743108298
MG,2023-03-21T05:00:00,106.0,44.0,107.0,45.0,180340.2296062792
MG,2023-03-21T05:00:00,106.0,45.0,107.0,46.0,35617.19534724015
MG,2023-03-21T05:00:00,107.0,40.0,108.0,41.0,39449.42522637358
MG,2023-03-21T05:00:00,107.0,41.0,108.0,42.0,180340.2296062792
MG,2023-03-21T05:00:00,107.0,42.0,108.0,43.0,180340.2296062792
MG,2023-03-21T05:00:00,107.0,43.0,108.0,44.0,174704.59743108298
MG,2023-03-21T05:00:00,107.0,44.0,108.0,45.0,180340.2296062792
MG,2023-03-21T05:00:00,107.0,45.0,108.0,46.0,80251.40217479425
MG,2023-03-21T05:00:00,108.0,40.0,109.0,41.0,225.42528700784936
MG,2023-03-21T05:00:00,108.0,41.0,109.0,42.0,144046.75839801552
MG,2023-03-21T05:00:00,108.0,42.0,109.0,43.0,180340.2296062792
MG,2023-03-21T05:00:00,108.0,43.0,109.0,44.0,174704.59743108298
MG,2023-03-21T05:00:00,108.0,44.0,109.0,45.0,180340.2296062792
MG,2023-03-21T05:00:00,108.0,45.0,109.0,46.0,91973.51709920239
MG,2023-03-21T05:00:00,109.0,41.0,110.0,42.0,102343.08030156344
MG,2023-03-21T05:00:00,109.0,42.0,110.0,43.0,180340.2296062792
MG,2023-03-21T05:00:00,109.0,43.0,110.0,44.0,174704.59743108298
MG,2023-03-21T05:00:00,109.0,44.0,110.0,45.0,180340.2296062792
MG,2023-03-21T05:00:00,109.0,45.0,110.0,46.0,80702.25274880994
MG,2023-03-21T05:00:00,110.0,41.0,111.0,42.0,59737.70105707999
MG,2023-03-21T05:00:00,110.0,42.0,111.0,43.0,180340.2296062792
MG,2023-03-21T05:00:00,110.0,43.0,111.0,44.0,174704.59743108298
MG,2023-03-21T05:00:00,110.0,44.0,111.0,45.0,180340.2296062792
MG,2023-03-21T05:00:00,110.0,45.0,111.0,46.0,35391.7700602323
MG,2023-03-21T05:00:00,111.0,41.0,112.0,42.0,901.7011480313975
MG,2023-03-21T05:00:00,111.0,42.0,112.0,43.0,170646.9422649417
MG,2023-03-21T05:00:00,111.0,43.0,112.0,44.0,174704.59743108298
MG,2023-03-21T05:00:00,111.0,44.0,112.0,45.0,154190.89631336872
MG,2023-03-21T05:00:00,111.0,45.0,112.0,46.0,450.8505740156987
MG,2023-03-21T05:00:00,112.0,42.0,113.0,43.0,140665.37909289778
MG,2023-03-21T05:00:00,112.0,43.0,113.0,44.0,174704.59743108298
MG,2023-03-21T05:00:00,112.0,44.0,113.0,45.0,83407.35619290413
MG,2023-03-21T05:00:00,113.0,42.0,114.0,43.0,6537.333323227628
MG,2023-03-21T05:00:00,113.0,43.0,114.0,44.0,62893.655075189876
MG,2023-03-21T05:00:00,113.0,44.0,114.0,45.0,8340.73561929042
MG,2023-03-21T06:00:00,100.0,44.0,101.0,45.0,9848.567485257583
MG,2023-03-21T06:00:00,100.0,45.0,101.0,46.0,27942.447283753983
MG,2023-03-21T06:00:00,101.0,44.0,102.0,45.0,117495.70046365498
MG,2023-03-21T06:00:00,101.0,45.0,102.0,46.0,41455.59801934
MG,2023-03-21T06:00:00,102.0,43.0,103.0,44.0,68939.97239680325
MG,2023-03-21T06:00:00,102.0,44.0,103.0,45.0,121847.39307342
MG,2023-03-21T06:00:00,103.0,42.0,104.0,43.0,37103.90540957499
MG,2023-03-21T06:00:00,103.0,43.0,104.0,44.0,176816.14182834647
MG,2023-03-21T06:00:00,103.0,44.0,104.0,45.0,169257.93887454408
MG,2023-03-21T06:00:00,104.0,41.0,105.0,42.0,15803.515267041239
MG,2023-03-21T06:00:00,104.0,42.0,105.0,43.0,117495.70046365498
MG,2023-03-21T06:00:00,104.0,43.0,105.0,44.0,177503.25118778305
MG,2023-03-21T06:00:00,104.0,44.0,105.0,45.0,171090.2304997083
MG,2023-03-21T06:00:00,104.0,45.0,105.0,46.0,2748.4374377463023
MG,2023-03-21T06:00:00,105.0,40.0,106.0,41.0,2290.364531455252
MG,2023-03-21T06:00:00,105.0,41.0,106.0,42.0,163532.0275459059
MG,2023-03-21T06:00:00,105.0,42.0,106.0,43.0,183229.16251642123
MG,2023-03-21T06:00:00,105.0,43.0,106.0,44.0,177503.25118778305
MG,2023-03-21T06:00:00,105.0,44.0,106.0,45.0,183229.16251642123
MG,2023-03-21T06:00:00,105.0,45.0,106.0,46.0,30003.775362063694
MG,2023-03-21T06:00:00,106.0,40.0,107.0,41.0,44891.14481652291
MG,2023-03-21T06:00:00,106.0,41.0,107.0,42.0,183229.16251642123
MG,2023-03-21T06:00:00,106.0,42.0,107.0,43.0,183229.16251642123
MG,2023-03-21T06:00:00,106.0,43.0,107.0,44.0,177503.25118778305
MG,2023-03-21T06:00:00,106.0,44.0,107.0,45.0,183229.16251642123
MG,2023-03-21T06:00:00,106.0,45.0,107.0,46.0,36187.75959699288
MG,2023-03-21T06:00:00,107.0,40.0,108.0,41.0,40081.37930046684
MG,2023-03-21T06:00:00,107.0,41.0,108.0,42.0,183229.16251642123
MG,2023-03-21T06:00:00,107.0,42.0,108.0,43.0,183229.16251642123
MG,2023-03-21T06:00:00,107.0,43.0,108.0,44.0,177503.25118778305
MG,2023-03-21T06:00:00,107.0,44.0,108.0,45.0,183229.16251642123
MG,2023-03-21T06:00:00,107.0,45.0,108.0,46.0,81536.97731980724
MG,2023-03-21T06:00:00,108.0,40.0,109.0,41.0,229.03645314552514
MG,2023-03-21T06:00:00,108.0,41.0,109.0,42.0,146354.29355999138
MG,2023-03-21T06:00:00,108.0,42.0,109.0,43.0,183229.16251642123
MG,2023-03-21T06:00:00,108.0,43.0,109.0,44.0,177503.25118778305
MG,2023-03-21T06:00:00,108.0,44.0,109.0,45.0,183229.16251642123
MG,2023-03-21T06:00:00,108.0,45.0,109.0,46.0,93446.87288337464
MG,2023-03-21T06:00:00,109.0,41.0,110.0,42.0,103982.54972806889
MG,2023-03-21T06:00:00,109.0,42.0,110.0,43.0,183229.16251642123
MG,2023-03-21T06:00:00,109.0,43.0,110.0,44.0,177503.25118778305
MG,2023-03-21T06:00:00,109.0,44.0,110.0,45.0,183229.16251642123
MG,2023-03-21T06:00:00,109.0,45.0,110.0,46.0,81995.05022609829
MG,2023-03-21T06:00:00,110.0,41.0,111.0,42.0,60694.660083564275
MG,2023-03-21T06:00:00,110.0,42.0,111.0,43.0,183229.16251642123
MG,2023-03-21T06:00:00,110.0,43.0,111.0,44.0,177503.25118778305
MG,2023-03-21T06:00:00,110.0,44.0,111.0,45.0,183229.16251642123
MG,2023-03-21T06:00:00,110.0,45.0,111.0,46.0,35958.723143847354
MG,2023-03-21T06:00:00,111.0,41.0,112.0,42.0,916.1458125821006
MG,2023-03-21T06:00:00,111.0,42.0,112.0,43.0,173380.59503116357
MG,2023-03-21T06:00:00,111.0,43.0,112.0,44.0,177503.25118778305
MG,2023-03-21T06:00:00,111.0,44.0,112.0,45.0,156660.9339515401
MG,2023-03-21T06:00:00,111.0,45.0,112.0,46.0,458.0729062910503
MG,2023-03-21T06:00:00,112.0,42.0,113.0,43.0,142918.74676280847
MG,2023-03-21T06:00:00,112.0,43.0,113.0,44.0,177503.25118778305
MG,2023-03-21T06:00:00,112.0,44.0,113.0,45.0,84743.48766384461
MG,2023-03-21T06:00:00,113.0,42.0,114.0,43.0,6642.057141220231
MG,2023-03-21T06:00:00,113.0,43.0,114.0,44.0,63901.17042760165
MG,2023-03-21T06:00:00,113.0,44.0,114.0,45.0,8474.348766384432
MG,2023-03-21T07:00:00,100.0,44.0,101.0,45.0,9924.100953085393
MG,2023-03-21T07:00:00,100.0,45.0,101.0,46.0,28156.751541311965
MG,2023-03-21T07:00:00,101.0,44.0,102.0,45.0,118396.83230076358
MG,2023-03-21T07:00:00,101.0,45.0,102.0,46.0,41773.541221126856
MG,2023-03-21T07:00:00,102.0,43.0,103.0,44.0,69468.70667159796
MG,2023-03-21T07:00:00,102.0,44.0,103.0,45.0,122781.90016375484
MG,2023-03-21T07:00:00,103.0,42.0,104.0,43.0,37388.4733581356
MG,2023-03-21T07:00:00,103.0,43.0,104.0,44.0,178172.23106469406
MG,2023-03-21T07:00:00,103.0,44.0,104.0,45.0,170556.060565815
MG,2023-03-21T07:00:00,104.0,41.0,105.0,42.0,15924.720134020752
MG,2023-03-21T07:00:00,104.0,42.0,105.0,43.0,118396.83230076358
MG,2023-03-21T07:00:00,104.0,43.0,105.0,44.0,178864.6102009558
MG,2023-03-21T07:00:00,104.0,44.0,105.0,45.0,172402.4049291796
MG,2023-03-21T07:00:00,104.0,45.0,105.0,46.0,2769.5165450470845
MG,2023-03-21T07:00:00,105.0,40.0,106.0,41.0,2307.930454205904
MG,2023-03-21T07:00:00,105.0,41.0,106.0,42.0,164786.23443030054
MG,2023-03-21T07:00:00,105.0,42.0,106.0,43.0,184634.43633647024
MG,2023-03-21T07:00:00,105.0,43.0,106.0,44.0,178864.6102009558
MG,2023-03-21T07:00:00,105.0,44.0,106.0,45.0,184634.43633647024
MG,2023-03-21T07:00:00,105.0,45.0,106.0,46.0,30233.888950097265
MG,2023-03-21T07:00:00,106.0,40.0,107.0,41.0,45235.436902435744
MG,2023-03-21T07:00:00,106.0,41.0,107.0,42.0,184634.43633647024
MG,2023-03-21T07:00:00,106.0,42.0,107.0,43.0,184634.43633647024
MG,2023-03-21T07:00:00,106.0,43.0,107.0,44.0,178864.6102009558
MG,2023-03-21T07:00:00,106.0,44.0,107.0,45.0,184634.43633647024
MG,2023-03-21T07:00:00,106.0,45.0,107.0,46.0,36465.30117645323
MG,2023-03-21T07:00:00,107.0,40.0,108.0,41.0,40388.7829486033
MG,2023-03-21T07:00:00,107.0,41.0,108.0,42.0,184634.43633647024
MG,2023-03-21T07:00:00,107.0,42.0,108.0,43.0,184634.43633647024
MG,2023-03-21T07:00:00,107.0,43.0,108.0,44.0,178864.6102009558
MG,2023-03-21T07:00:00,107.0,44.0,108.0,45.0,184634.43633647024
MG,2023-03-21T07:00:00,107.0,45.0,108.0,46.0,82162.32416973055
MG,2023-03-21T07:00:00,108.0,40.0,109.0,41.0,230.7930454205904
MG,2023-03-21T07:00:00,108.0,41.0,109.0,42.0,147476.7560237572
MG,2023-03-21T07:00:00,108.0,42.0,109.0,43.0,184634.43633647024
MG,2023-03-21T07:00:00,108.0,43.0,109.0,44.0,178864.6102009558
MG,2023-03-21T07:00:00,108.0,44.0,109.0,45.0,184634.43633647024
MG,2023-03-21T07:00:00,108.0,45.0,109.0,46.0,94163.56253160136
MG,2023-03-21T07:00:00,109.0,41.0,110.0,42.0,104780.04262094862
MG,2023-03-21T07:00:00,109.0,42.0,110.0,43.0,184634.43633647024
MG,2023-03-21T07:00:00,109.0,43.0,110.0,44.0,178864.6102009558
MG,2023-03-21T07:00:00,109.0,44.0,110.0,45.0,184634.43633647024
MG,2023-03-21T07:00:00,109.0,45.0,110.0,46.0,82623.91026057173
MG,2023-03-21T07:00:00,110.0,41.0,111.0,42.0,61160.15703645663
MG,2023-03-21T07:00:00,110.0,42.0,111.0,43.0,184634.43633647024
MG,2023-03-21T07:00:00,110.0,43.0,111.0,44.0,178864.6102009558
MG,2023-03-21T07:00:00,110.0,44.0,111.0,45.0,184634.43633647024
MG,2023-03-21T07:00:00,110.0,45.0,111.0,46.0,36234.508131032635
MG,2023-03-21T07:00:00,111.0,41.0,112.0,42.0,923.1721816823616
MG,2023-03-21T07:00:00,111.0,42.0,112.0,43.0,174710.3353833854
MG,2023-03-21T07:00:00,111.0,43.0,112.0,44.0,178864.6102009558
MG,2023-03-21T07:00:00,111.0,44.0,112.0,45.0,157862.4430676832
MG,2023-03-21T07:00:00,111.0,45.0,112.0,46.0,461.5860908411808
MG,2023-03-21T07:00:00,112.0,42.0,113.0,43.0,144014.86034244852
MG,2023-03-21T07:00:00,112.0,43.0,113.0,44.0,178864.6102009558
MG,2023-03-21T07:00:00,112.0,44.0,113.0,45.0,85393.42680561884
MG,2023-03-21T07:00:00,113.0,42.0,114.0,43.0,6692.998317197124
MG,2023-03-21T07:00:00,113.0,43.0,114.0,44.0,64391.259672344924
MG,2023-03-21T07:00:00,113.0,44.0,114.0,45.0,8539.34268056185
MG,2023-03-21T08:00:00,100.0,44.0,101.0,45.0,10040.149370063707
MG,2023-03-21T08:00:00,100.0,45.0,101.0,46.0,28486.00518948309
MG,2023-03-21T08:00:00,101.0,44.0,102.0,45.0,119781.31690331658
MG,2023-03-21T08:00:00,101.0,45.0,102.0,46.0,42262.02409259377
MG,2023-03-21T08:00:00,102.0,43.0,103.0,44.0,70281.04559044585
MG,2023-03-21T08:00:00,102.0,44.0,103.0,45.0,124217.6619738097
MG,2023-03-21T08:00:00,103.0,42.0,104.0,43.0,37825.6790221005
MG,2023-03-21T08:00:00,103.0,43.0,104.0,44.0,180255.70496951547
MG,2023-03-21T08:00:00,103.0,44.0,104.0,45.0,172550.47405760587
MG,2023-03-21T08:00:00,104.0,41.0,105.0,42.0,16110.937361265023
MG,2023-03-21T08:00:00,104.0,42.0,105.0,43.0,119781.31690331658
MG,2023-03-21T08:00:00,104.0,43.0,105.0,44.0,180956.1805069618
MG,2023-03-21T08:00:00,104.0,44.0,105.0,45.0,174418.4088241294
MG,2023-03-21T08:00:00,104.0,45.0,105.0,46.0,2801.9021497852177
MG,2023-03-21T08:00:00,105.0,40.0,106.0,41.0,2334.918458154348
MG,2023-03-21T08:00:00,105.0,41.0,106.0,42.0,166713.1779122198
MG,2023-03-21T08:00:00,105.0,42.0,106.0,43.0,186793.47665234786
MG,2023-03-21T08:00:00,105.0,43.0,106.0,44.0,180956.1805069618
MG,2023-03-21T08:00:00,105.0,44.0,106.0,45.0,186793.47665234786
MG,2023-03-21T08:00:00,105.0,45.0,106.0,46.0,30587.431801822007
MG,2023-03-21T08:00:00,106.0,40.0,107.0,41.0,45764.4017798253
MG,2023-03-21T08:00:00,106.0,41.0,107.0,42.0,186793.47665234786
MG,2023-03-21T08:00:00,106.0,42.0,107.0,43.0,186793.47665234786
MG,2023-03-21T08:00:00,106.0,43.0,107.0,44.0,180956.1805069618
MG,2023-03-21T08:00:00,106.0,44.0,107.0,45.0,186793.47665234786
MG,2023-03-21T08:00:00,106.0,45.0,107.0,46.0,36891.71163883876
MG,2023-03-21T08:00:00,107.0,40.0,108.0,41.0,40861.07301770116
MG,2023-03-21T08:00:00,107.0,41.0,108.0,42.0,186793.47665234786
MG,2023-03-21T08:00:00,107.0,42.0,108.0,43.0,186793.47665234786
MG,2023-03-21T08:00:00,107.0,43.0,108.0,44.0,180956.1805069618
MG,2023-03-21T08:00:00,107.0,44.0,108.0,45.0,186793.47665234786
MG,2023-03-21T08:00:00,107.0,45.0,108.0,46.0,83123.09711029439
MG,2023-03-21T08:00:00,108.0,40.0,109.0,41.0,233.49184581543483
MG,2023-03-21T08:00:00,108.0,41.0,109.0,42.0,149201.28947606162
MG,2023-03-21T08:00:00,108.0,42.0,109.0,43.0,186793.47665234786
MG,2023-03-21T08:00:00,108.0,43.0,109.0,44.0,180956.1805069618
MG,2023-03-21T08:00:00,108.0,44.0,109.0,45.0,186793.47665234786
MG,2023-03-21T08:00:00,108.0,45.0,109.0,46.0,95264.67309269664
MG,2023-03-21T08:00:00,109.0,41.0,110.0,42.0,106005.29800020633
MG,2023-03-21T08:00:00,109.0,42.0,110.0,43.0,186793.47665234786
MG,2023-03-21T08:00:00,109.0,43.0,110.0,44.0,180956.1805069618
MG,2023-03-21T08:00:00,109.0,44.0,110.0,45.0,186793.47665234786
MG,2023-03-21T08:00:00,109.0,45.0,110.0,46.0,83590.08080192524
MG,2023-03-21T08:00:00,110.0,41.0,111.0,42.0,61875.33914109033
MG,2023-03-21T08:00:00,110.0,42.0,111.0,43.0,186793.47665234786
MG,2023-03-21T08:00:00,110.0,43.0,111.0,44.0,180956.1805069618
MG,2023-03-21T08:00:00,110.0,44.0,111.0,45.0,186793.47665234786
MG,2023-03-21T08:00:00,110.0,45.0,111.0,46.0,36658.21979302332
MG,2023-03-21T08:00:00,111.0,41.0,112.0,42.0,933.9673832617393
MG,2023-03-21T08:00:00,111.0,42.0,112.0,43.0,176753.32728228383
MG,2023-03-21T08:00:00,111.0,43.0,112.0,44.0,180956.1805069618
MG,2023-03-21T08:00:00,111.0,44.0,112.0,45.0,159708.42253775653
MG,2023-03-21T08:00:00,111.0,45.0,112.0,46.0,466.98369163086966
MG,2023-03-21T08:00:00,112.0,42.0,113.0,43.0,145698.91178882998
MG,2023-03-21T08:00:00,112.0,43.0,113.0,44.0,180956.1805069618
MG,2023-03-21T08:00:00,112.0,44.0,113.0,45.0,86391.98295171038
MG,2023-03-21T08:00:00,113.0,42.0,114.0,43.0,6771.263528647614
MG,2023-03-21T08:00:00,113.0,43.0,114.0,44.0,65144.22498250642
MG,2023-03-21T08:00:00,113.0,44.0,114.0,45.0,8639.198295171096
MG,2023-03-21T09:00:00,100.0,44.0,101.0,45.0,9985.263699729881
MG,2023-03-21T09:00:00,100.0,45.0,101.0,46.0,28330.283055047516
MG,2023-03-21T09:00:00,101.0,44.0,102.0,45.0,119126.5180921256
MG,2023-03-21T09:00:00,101.0,45.0,102.0,46.0,42030.993712816526
MG,2023-03-21T09:00:00,102.0,43.0,103.0,44.0,69896.84589810943
MG,2023-03-21T09:00:00,102.0,44.0,103.0,45.0,123538.61135479686
MG,2023-03-21T09:00:00,103.0,42.0,104.0,43.0,37618.90045014513
MG,2023-03-21T09:00:00,103.0,43.0,104.0,44.0,179270.3157253812
MG,2023-03-21T09:00:00,103.0,44.0,104.0,45.0,171607.20637442585
MG,2023-03-21T09:00:00,104.0,41.0,105.0,42.0,16022.86500654328
MG,2023-03-21T09:00:00,104.0,42.0,105.0,43.0,119126.5180921256
MG,2023-03-21T09:00:00,104.0,43.0,105.0,44.0,179966.9620300135
MG,2023-03-21T09:00:00,104.0,44.0,105.0,45.0,173464.92985344533
MG,2023-03-21T09:00:00,104.0,45.0,105.0,46.0,2786.5852185292697
MG,2023-03-21T09:00:00,105.0,40.0,106.0,41.0,2322.154348774391
MG,2023-03-21T09:00:00,105.0,41.0,106.0,42.0,165801.82050248998
MG,2023-03-21T09:00:00,105.0,42.0,106.0,43.0,185772.34790194937
MG,2023-03-21T09:00:00,105.0,43.0,106.0,44.0,179966.9620300135
MG,2023-03-21T09:00:00,105.0,44.0,106.0,45.0,185772.34790194937
MG,2023-03-21T09:00:00,105.0,45.0,106.0,46.0,30420.22196894446
MG,2023-03-21T09:00:00,106.0,40.0,107.0,41.0,45514.225235978156
MG,2023-03-21T09:00:00,106.0,41.0,107.0,42.0,185772.34790194937
MG,2023-03-21T09:00:00,106.0,42.0,107.0,43.0,185772.34790194937
MG,2023-03-21T09:00:00,106.0,43.0,107.0,44.0,179966.9620300135
MG,2023-03-21T09:00:00,106.0,44.0,107.0,45.0,185772.34790194937
MG,2023-03-21T09:00:00,106.0,45.0,107.0,46.0,36690.03871063536
MG,2023-03-21T09:00:00,107.0,40.0,108.0,41.0,40637.70110355187
MG,2023-03-21T09:00:00,107.0,41.0,108.0,42.0,185772.34790194937
MG,2023-03-21T09:00:00,107.0,42.0,108.0,43.0,185772.34790194937
MG,2023-03-21T09:00:00,107.0,43.0,108.0,44.0,179966.9620300135
MG,2023-03-21T09:00:00,107.0,44.0,108.0,45.0,185772.34790194937
MG,2023-03-21T09:00:00,107.0,45.0,108.0,46.0,82668.69481636834
MG,2023-03-21T09:00:00,108.0,40.0,109.0,41.0,232.21543487743912
MG,2023-03-21T09:00:00,108.0,41.0,109.0,42.0,148385.66288668237
MG,2023-03-21T09:00:00,108.0,42.0,109.0,43.0,185772.34790194937
MG,2023-03-21T09:00:00,108.0,43.0,109.0,44.0,179966.9620300135
MG,2023-03-21T09:00:00,108.0,44.0,109.0,45.0,185772.34790194937
MG,2023-03-21T09:00:00,108.0,45.0,109.0,46.0,94743.89742999495
MG,2023-03-21T09:00:00,109.0,41.0,110.0,42.0,105425.80743435695
MG,2023-03-21T09:00:00,109.0,42.0,110.0,43.0,185772.34790194937
MG,2023-03-21T09:00:00,109.0,43.0,110.0,44.0,179966.9620300135
MG,2023-03-21T09:00:00,109.0,44.0,110.0,45.0,185772.34790194937
MG,2023-03-21T09:00:00,109.0,45.0,110.0,46.0,83133.12568612321
MG,2023-03-21T09:00:00,110.0,41.0,111.0,42.0,61537.090242521655
MG,2023-03-21T09:00:00,110.0,42.0,111.0,43.0,185772.34790194937
MG,2023-03-21T09:00:00,110.0,43.0,111.0,44.0,179966.9620300135
MG,2023-03-21T09:00:00,110.0,44.0,111.0,45.0,185772.34790194937
MG,2023-03-21T09:00:00,110.0,45.0,111.0,46.0,36457.82327575792
MG,2023-03-21T09:00:00,111.0,41.0,112.0,42.0,928.8617395097565
MG,2023-03-21T09:00:00,111.0,42.0,112.0,43.0,175787.08420221967
MG,2023-03-21T09:00:00,111.0,43.0,112.0,44.0,179966.9620300135
MG,2023-03-21T09:00:00,111.0,44.0,112.0,45.0,158835.35745616694
MG,2023-03-21T09:00:00,111.0,45.0,112.0,46.0,464.43086975487824
MG,2023-03-21T09:00:00,112.0,42.0,113.0,43.0,144902.43136352085
MG,2023-03-21T09:00:00,112.0,43.0,113.0,44.0,179966.9620300135
MG,2023-03-21T09:00:00,112.0,44.0,113.0,45.0,85919.71090465243
MG,2023-03-21T09:00:00,113.0,42.0,114.0,43.0,6734.247611445738
MG,2023-03-21T09:00:00,113.0,43.0,114.0,44.0,64788.106330805844
MG,2023-03-21T09:00:00,113.0,44.0,114.0,45.0,8591.971090465251
MG,2023-03-21T10:00:00,100.0,44.0,101.0,45.0,9965.899124444639
MG,2023-03-21T10:00:00,100.0,45.0,101.0,46.0,28275.341701912777
MG,2023-03-21T10:00:00,101.0,44.0,102.0,45.0,118895.49420558443
MG,2023-03-21T10:00:00,101.0,45.0,102.0,46.0,41949.482361034585
MG,2023-03-21T10:00:00,102.0,43.0,103.0,44.0,69761.29387111284
MG,2023-03-21T10:00:00,102.0,44.0,103.0,45.0,123299.03102801349
MG,2023-03-21T10:00:00,103.0,42.0,104.0,43.0,37545.94553860553
MG,2023-03-21T10:00:00,103.0,43.0,104.0,44.0,178922.654048167
MG,2023-03-21T10:00:00,103.0,44.0,104.0,45.0,171274.40588289595
MG,2023-03-21T10:00:00,104.0,41.0,105.0,42.0,15991.791618294881
MG,2023-03-21T10:00:00,104.0,42.0,105.0,43.0,118895.49420558443
MG,2023-03-21T10:00:00,104.0,43.0,105.0,44.0,179617.9493359189
MG,2023-03-21T10:00:00,104.0,44.0,105.0,45.0,173128.5266502344
MG,2023-03-21T10:00:00,104.0,45.0,105.0,46.0,2781.181151007809
MG,2023-03-21T10:00:00,105.0,40.0,106.0,41.0,2317.650959173174
MG,2023-03-21T10:00:00,105.0,41.0,106.0,42.0,165480.27848496335
MG,2023-03-21T10:00:00,105.0,42.0,106.0,43.0,185412.0767338515
MG,2023-03-21T10:00:00,105.0,43.0,106.0,44.0,179617.9493359189
MG,2023-03-21T10:00:00,105.0,44.0,106.0,45.0,185412.0767338515
MG,2023-03-21T10:00:00,105.0,45.0,106.0,46.0,30361.227565168647
MG,2023-03-21T10:00:00,106.0,40.0,107.0,41.0,45425.95879979437
MG,2023-03-21T10:00:00,106.0,41.0,107.0,42.0,185412.0767338515
MG,2023-03-21T10:00:00,106.0,42.0,107.0,43.0,185412.0767338515
MG,2023-03-21T10:00:00,106.0,43.0,107.0,44.0,179617.9493359189
MG,2023-03-21T10:00:00,106.0,44.0,107.0,45.0,185412.0767338515
MG,2023-03-21T10:00:00,106.0,45.0,107.0,46.0,36618.88515493625
MG,2023-03-21T10:00:00,107.0,40.0,108.0,41.0,40558.89178553067
MG,2023-03-21T10:00:00,107.0,41.0,108.0,42.0,185412.0767338515
MG,2023-03-21T10:00:00,107.0,42.0,108.0,43.0,185412.0767338515
MG,2023-03-21T10:00:00,107.0,43.0,108.0,44.0,179617.9493359189
MG,2023-03-21T10:00:00,107.0,44.0,108.0,45.0,185412.0767338515
MG,2023-03-21T10:00:00,107.0,45.0,108.0,46.0,82508.37414656537
MG,2023-03-21T10:00:00,108.0,40.0,109.0,41.0,231.76509591731738
MG,2023-03-21T10:00:00,108.0,41.0,109.0,42.0,148097.89629116553
MG,2023-03-21T10:00:00,108.0,42.0,109.0,43.0,185412.0767338515
MG,2023-03-21T10:00:00,108.0,43.0,109.0,44.0,179617.9493359189
MG,2023-03-21T10:00:00,108.0,44.0,109.0,45.0,185412.0767338515
MG,2023-03-21T10:00:00,108.0,45.0,109.0,46.0,94560.15913426595
MG,2023-03-21T10:00:00,109.0,41.0,110.0,42.0,105221.35354646262
MG,2023-03-21T10:00:00,109.0,42.0,110.0,43.0,185412.0767338515
MG,2023-03-21T10:00:00,109.0,43.0,110.0,44.0,179617.9493359189
MG,2023-03-21T10:00:00,109.0,44.0,110.0,45.0,185412.0767338515
MG,2023-03-21T10:00:00,109.0,45.0,110.0,46.0,82971.90433840001
MG,2023-03-21T10:00:00,110.0,41.0,111.0,42.0,61417.75041808937
MG,2023-03-21T10:00:00,110.0,42.0,111.0,43.0,185412.0767338515
MG,2023-03-21T10:00:00,110.0,43.0,111.0,44.0,179617.9493359189
MG,2023-03-21T10:00:00,110.0,44.0,111.0,45.0,185412.0767338515
MG,2023-03-21T10:00:00,110.0,45.0,111.0,46.0,36387.12005901893
MG,2023-03-21T10:00:00,111.0,41.0,112.0,42.0,927.0603836692695
MG,2023-03-21T10:00:00,111.0,42.0,112.0,43.0,175446.17760940743
MG,2023-03-21T10:00:00,111.0,43.0,112.0,44.0,179617.9493359189
MG,2023-03-21T10:00:00,111.0,44.0,112.0,45.0,158527.32560744422
MG,2023-03-21T10:00:00,111.0,45.0,112.0,46.0,463.53019183463476
MG,2023-03-21T10:00:00,112.0,42.0,113.0,43.0,144621.41985240596
MG,2023-03-21T10:00:00,112.0,43.0,113.0,44.0,179617.9493359189
MG,2023-03-21T10:00:00,112.0,44.0,113.0,45.0,85753.08548940784
MG,2023-03-21T10:00:00,113.0,42.0,114.0,43.0,6721.187781602201
MG,2023-03-21T10:00:00,113.0,43.0,114.0,44.0,64662.46176093183
MG,2023-03-21T10:00:00,113.0,44.0,114.0,45.0,8575.308548940737
MG,2023-03-21T11:00:00,100.0,44.0,101.0,45.0,10030.22320182368
MG,2023-03-21T11:00:00,100.0,45.0,101.0,46.0,28457.842572615973
MG,2023-03-21T11:00:00,101.0,44.0,102.0,45.0,119662.89540780315
MG,2023-03-21T11:00:00,101.0,45.0,102.0,46.0,42220.241849536804
MG,2023-03-21T11:00:00,102.0,43.0,103.0,44.0,70211.5624127656
MG,2023-03-21T11:00:00,102.0,44.0,103.0,45.0,124094.85449698105
MG,2023-03-21T11:00:00,103.0,42.0,104.0,43.0,37788.28276035891
MG,2023-03-21T11:00:00,103.0,43.0,104.0,44.0,180077.49562343865
MG,2023-03-21T11:00:00,103.0,44.0,104.0,45.0,172379.88246855073
MG,2023-03-21T11:00:00,104.0,41.0,105.0,42.0,16095.009323856586
MG,2023-03-21T11:00:00,104.0,42.0,105.0,43.0,119662.89540780315
MG,2023-03-21T11:00:00,104.0,43.0,105.0,44.0,180777.27863751937
MG,2023-03-21T11:00:00,104.0,44.0,105.0,45.0,174245.97050609931
MG,2023-03-21T11:00:00,104.0,45.0,105.0,46.0,2799.132056322887
MG,2023-03-21T11:00:00,105.0,40.0,106.0,41.0,2332.6100469357393
MG,2023-03-21T11:00:00,105.0,41.0,106.0,42.0,166548.3573512114
MG,2023-03-21T11:00:00,105.0,42.0,106.0,43.0,186608.8037548587
MG,2023-03-21T11:00:00,105.0,43.0,106.0,44.0,180777.27863751937
MG,2023-03-21T11:00:00,105.0,44.0,106.0,45.0,186608.8037548587
MG,2023-03-21T11:00:00,105.0,45.0,106.0,46.0,30557.191614858133
MG,2023-03-21T11:00:00,106.0,40.0,107.0,41.0,45719.156919940404
MG,2023-03-21T11:00:00,106.0,41.0,107.0,42.0,186608.8037548587
MG,2023-03-21T11:00:00,106.0,42.0,107.0,43.0,186608.8037548587
MG,2023-03-21T11:00:00,106.0,43.0,107.0,44.0,180777.27863751937
MG,2023-03-21T11:00:00,106.0,44.0,107.0,45.0,186608.8037548587
MG,2023-03-21T11:00:00,106.0,45.0,107.0,46.0,36855.23874158462
MG,2023-03-21T11:00:00,107.0,40.0,108.0,41.0,40820.675821375364
MG,2023-03-21T11:00:00,107.0,41.0,108.0,42.0,186608.8037548587
MG,2023-03-21T11:00:00,107.0,42.0,108.0,43.0,186608.8037548587
MG,2023-03-21T11:00:00,107.0,43.0,108.0,44.0,180777.27863751937
MG,2023-03-21T11:00:00,107.0,44.0,108.0,45.0,186608.8037548587
MG,2023-03-21T11:00:00,107.0,45.0,108.0,46.0,83040.91767091214
MG,2023-03-21T11:00:00,108.0,40.0,109.0,41.0,233.26100469357394
MG,2023-03-21T11:00:00,108.0,41.0,109.0,42.0,149053.7819991934
MG,2023-03-21T11:00:00,108.0,42.0,109.0,43.0,186608.8037548587
MG,2023-03-21T11:00:00,108.0,43.0,109.0,44.0,180777.27863751937
MG,2023-03-21T11:00:00,108.0,44.0,109.0,45.0,186608.8037548587
MG,2023-03-21T11:00:00,108.0,45.0,109.0,46.0,95170.48991497795
MG,2023-03-21T11:00:00,109.0,41.0,110.0,42.0,105900.49613088233
MG,2023-03-21T11:00:00,109.0,42.0,110.0,43.0,186608.8037548587
MG,2023-03-21T11:00:00,109.0,43.0,110.0,44.0,180777.27863751937
MG,2023-03-21T11:00:00,109.0,44.0,110.0,45.0,186608.8037548587
MG,2023-03-21T11:00:00,109.0,45.0,110.0,46.0,83507.43968029929
MG,2023-03-21T11:00:00,110.0,41.0,111.0,42.0,61814.166243796964
MG,2023-03-21T11:00:00,110.0,42.0,111.0,43.0,186608.8037548587
MG,2023-03-21T11:00:00,110.0,43.0,111.0,44.0,180777.27863751937
MG,2023-03-21T11:00:00,110.0,44.0,111.0,45.0,186608.8037548587
MG,2023-03-21T11:00:00,110.0,45.0,111.0,46.0,36621.97773689104
MG,2023-03-21T11:00:00,111.0,41.0,112.0,42.0,933.0440187742958
MG,2023-03-21T11:00:00,111.0,42.0,112.0,43.0,176578.58055303505
MG,2023-03-21T11:00:00,111.0,43.0,112.0,44.0,180777.27863751937
MG,2023-03-21T11:00:00,111.0,44.0,112.0,45.0,159550.5272104042
MG,2023-03-21T11:00:00,111.0,45.0,112.0,46.0,466.5220093871479
MG,2023-03-21T11:00:00,112.0,42.0,113.0,43.0,145554.8669287898
MG,2023-03-21T11:00:00,112.0,43.0,113.0,44.0,180777.27863751937
MG,2023-03-21T11:00:00,112.0,44.0,113.0,45.0,86306.57173662217
MG,2023-03-21T11:00:00,113.0,42.0,114.0,43.0,6764.569136113647
MG,2023-03-21T11:00:00,113.0,43.0,114.0,44.0,65079.82030950699
MG,2023-03-21T11:00:00,113.0,44.0,114.0,45.0,8630.657173662239
MG,2023-03-21T12:00:00,100.0,44.0,101.0,45.0,10047.381455442704
MG,2023-03-21T12:00:00,100.0,45.0,101.0,46.0,28506.524129395544
MG,2023-03-21T12:00:00,101.0,44.0,102.0,45.0,119867.59736377117
MG,2023-03-21T12:00:00,101.0,45.0,102.0,46.0,42292.46612639826
MG,2023-03-21T12:00:00,102.0,43.0,103.0,44.0,70331.67018809885
MG,2023-03-21T12:00:00,102.0,44.0,103.0,45.0,124307.13800687388
MG,2023-03-21T12:00:00,103.0,42.0,104.0,43.0,37852.925483295694
MG,2023-03-21T12:00:00,103.0,43.0,104.0,44.0,180385.54613027343
MG,2023-03-21T12:00:00,103.0,44.0,104.0,45.0,172674.76501330605
MG,2023-03-21T12:00:00,104.0,41.0,105.0,42.0,16122.542335477847
MG,2023-03-21T12:00:00,104.0,42.0,105.0,43.0,119867.59736377117
MG,2023-03-21T12:00:00,104.0,43.0,105.0,44.0,181086.52623181592
MG,2023-03-21T12:00:00,104.0,44.0,105.0,45.0,174544.04528408602
MG,2023-03-21T12:00:00,104.0,45.0,105.0,46.0,2803.9204061700566
MG,2023-03-21T12:00:00,105.0,40.0,106.0,41.0,2336.6003384750475
MG,2023-03-21T12:00:00,105.0,41.0,106.0,42.0,166833.26416711864
MG,2023-03-21T12:00:00,105.0,42.0,106.0,43.0,186928.02707800333
MG,2023-03-21T12:00:00,105.0,43.0,106.0,44.0,181086.52623181592
MG,2023-03-21T12:00:00,105.0,44.0,106.0,45.0,186928.02707800333
MG,2023-03-21T12:00:00,105.0,45.0,106.0,46.0,30609.464434023077
MG,2023-03-21T12:00:00,106.0,40.0,107.0,41.0,45797.36663411082
MG,2023-03-21T12:00:00,106.0,41.0,107.0,42.0,186928.02707800333
MG,2023-03-21T12:00:00,106.0,42.0,107.0,43.0,186928.02707800333
MG,2023-03-21T12:00:00,106.0,43.0,107.0,44.0,181086.52623181592
MG,2023-03-21T12:00:00,106.0,44.0,107.0,45.0,186928.02707800333
MG,2023-03-21T12:00:00,106.0,45.0,107.0,46.0,36918.28534790568
MG,2023-03-21T12:00:00,107.0,40.0,108.0,41.0,40890.50592331324
MG,2023-03-21T12:00:00,107.0,41.0,108.0,42.0,186928.02707800333
MG,2023-03-21T12:00:00,107.0,42.0,108.0,43.0,186928.02707800333
MG,2023-03-21T12:00:00,107.0,43.0,108.0,44.0,181086.52623181592
MG,2023-03-21T12:00:00,107.0,44.0,108.0,45.0,186928.02707800333
MG,2023-03-21T12:00:00,107.0,45.0,108.0,46.0,83182.97204971196
MG,2023-03-21T12:00:00,108.0,40.0,109.0,41.0,233.66003384750476
MG,2023-03-21T12:00:00,108.0,41.0,109.0,42.0,149308.7616285564
MG,2023-03-21T12:00:00,108.0,42.0,109.0,43.0,186928.02707800333
MG,2023-03-21T12:00:00,108.0,43.0,109.0,44.0,181086.52623181592
MG,2023-03-21T12:00:00,108.0,44.0,109.0,45.0,186928.02707800333
MG,2023-03-21T12:00:00,108.0,45.0,109.0,46.0,95333.29380978252
MG,2023-03-21T12:00:00,109.0,41.0,110.0,42.0,106081.65536676803
MG,2023-03-21T12:00:00,109.0,42.0,110.0,43.0,186928.02707800333
MG,2023-03-21T12:00:00,109.0,43.0,110.0,44.0,181086.52623181592
MG,2023-03-21T12:00:00,109.0,44.0,110.0,45.0,186928.02707800333
MG,2023-03-21T12:00:00,109.0,45.0,110.0,46.0,83650.29211740698
MG,2023-03-21T12:00:00,110.0,41.0,111.0,42.0,61919.90896958857
MG,2023-03-21T12:00:00,110.0,42.0,111.0,43.0,186928.02707800333
MG,2023-03-21T12:00:00,110.0,43.0,111.0,44.0,181086.52623181592
MG,2023-03-21T12:00:00,110.0,44.0,111.0,45.0,186928.02707800333
MG,2023-03-21T12:00:00,110.0,45.0,111.0,46.0,36684.625314058176
MG,2023-03-21T12:00:00,111.0,41.0,112.0,42.0,934.640135390019
MG,2023-03-21T12:00:00,111.0,42.0,112.0,43.0,176880.645622561
MG,2023-03-21T12:00:00,111.0,43.0,112.0,44.0,181086.52623181592
MG,2023-03-21T12:00:00,111.0,44.0,112.0,45.0,159823.46315169375
MG,2023-03-21T12:00:00,111.0,45.0,112.0,46.0,467.3200676950095
MG,2023-03-21T12:00:00,112.0,42.0,113.0,43.0,145803.86112084397
MG,2023-03-21T12:00:00,112.0,43.0,113.0,44.0,181086.52623181592
MG,2023-03-21T12:00:00,112.0,44.0,113.0,45.0,86454.21252357711
MG,2023-03-21T12:00:00,113.0,42.0,114.0,43.0,6776.140981577634
MG,2023-03-21T12:00:00,113.0,43.0,114.0,44.0,65191.14944345362
MG,2023-03-21T12:00:00,113.0,44.0,114.0,45.0,8645.421252357672
MG,2023-03-21T13:00:00,100.0,44.0,101.0,45.0,9946.393235168389
MG,2023-03-21T13:00:00,100.0,45.0,101.0,46.0,28219.999411407985
MG,2023-03-21T13:00:00,101.0,44.0,102.0,45.0,118662.7844102644
MG,2023-03-21T13:00:00,101.0,45.0,102.0,46.0,41867.3761759415
MG,2023-03-21T13:00:00,102.0,43.0,103.0,44.0,69624.75264617917
MG,2023-03-21T13:00:00,102.0,44.0,103.0,45.0,123057.70235138525
MG,2023-03-21T13:00:00,103.0,42.0,104.0,43.0,37472.458234820515
MG,2023-03-21T13:00:00,103.0,43.0,104.0,44.0,178572.45529186208
MG,2023-03-21T13:00:00,103.0,44.0,104.0,45.0,170939.17676254644
MG,2023-03-21T13:00:00,104.0,41.0,105.0,42.0,15960.491470386483
MG,2023-03-21T13:00:00,104.0,42.0,105.0,43.0,118662.7844102644
MG,2023-03-21T13:00:00,104.0,43.0,105.0,44.0,179266.38970361804
MG,2023-03-21T13:00:00,104.0,44.0,105.0,45.0,172789.66852722902
MG,2023-03-21T13:00:00,104.0,45.0,105.0,46.0,2775.7376470237377
MG,2023-03-21T13:00:00,105.0,40.0,106.0,41.0,2313.114705853115
MG,2023-03-21T13:00:00,105.0,41.0,106.0,42.0,165156.3899979134
MG,2023-03-21T13:00:00,105.0,42.0,106.0,43.0,185049.1764682511
MG,2023-03-21T13:00:00,105.0,43.0,106.0,44.0,179266.38970361804
MG,2023-03-21T13:00:00,105.0,44.0,106.0,45.0,185049.1764682511
MG,2023-03-21T13:00:00,105.0,45.0,106.0,46.0,30301.802646675787
MG,2023-03-21T13:00:00,106.0,40.0,107.0,41.0,45337.048234721224
MG,2023-03-21T13:00:00,106.0,41.0,107.0,42.0,185049.1764682511
MG,2023-03-21T13:00:00,106.0,42.0,107.0,43.0,185049.1764682511
MG,2023-03-21T13:00:00,106.0,43.0,107.0,44.0,179266.38970361804
MG,2023-03-21T13:00:00,106.0,44.0,107.0,45.0,185049.1764682511
MG,2023-03-21T13:00:00,106.0,45.0,107.0,46.0,36547.212352479255
MG,2023-03-21T13:00:00,107.0,40.0,108.0,41.0,40479.50735242961
MG,2023-03-21T13:00:00,107.0,41.0,108.0,42.0,185049.1764682511
MG,2023-03-21T13:00:00,107.0,42.0,108.0,43.0,185049.1764682511
MG,2023-03-21T13:00:00,107.0,43.0,108.0,44.0,179266.38970361804
MG,2023-03-21T13:00:00,107.0,44.0,108.0,45.0,185049.1764682511
MG,2023-03-21T13:00:00,107.0,45.0,108.0,46.0,82346.8835283711
MG,2023-03-21T13:00:00,108.0,40.0,109.0,41.0,231.31147058531153
MG,2023-03-21T13:00:00,108.0,41.0,109.0,42.0,147808.02970401422
MG,2023-03-21T13:00:00,108.0,42.0,109.0,43.0,185049.1764682511
MG,2023-03-21T13:00:00,108.0,43.0,109.0,44.0,179266.38970361804
MG,2023-03-21T13:00:00,108.0,44.0,109.0,45.0,185049.1764682511
MG,2023-03-21T13:00:00,108.0,45.0,109.0,46.0,94375.0799988071
MG,2023-03-21T13:00:00,109.0,41.0,110.0,42.0,105015.40764573125
MG,2023-03-21T13:00:00,109.0,42.0,110.0,43.0,185049.1764682511
MG,2023-03-21T13:00:00,109.0,43.0,110.0,44.0,179266.38970361804
MG,2023-03-21T13:00:00,109.0,44.0,110.0,45.0,185049.1764682511
MG,2023-03-21T13:00:00,109.0,45.0,110.0,46.0,82809.50646954171
MG,2023-03-21T13:00:00,110.0,41.0,111.0,42.0,61297.539705107956
MG,2023-03-21T13:00:00,110.0,42.0,111.0,43.0,185049.1764682511
MG,2023-03-21T13:00:00,110.0,43.0,111.0,44.0,179266.38970361804
MG,2023-03-21T13:00:00,110.0,44.0,111.0,45.0,185049.1764682511
MG,2023-03-21T13:00:00,110.0,45.0,111.0,46.0,36315.90088189394
MG,2023-03-21T13:00:00,111.0,41.0,112.0,42.0,925.2458823412461
MG,2023-03-21T13:00:00,111.0,42.0,112.0,43.0,175102.78323308224
MG,2023-03-21T13:00:00,111.0,43.0,112.0,44.0,179266.38970361804
MG,2023-03-21T13:00:00,111.0,44.0,112.0,45.0,158217.04588035372
MG,2023-03-21T13:00:00,111.0,45.0,112.0,46.0,462.62294117062305
MG,2023-03-21T13:00:00,112.0,42.0,113.0,43.0,144338.35764523438
MG,2023-03-21T13:00:00,112.0,43.0,113.0,44.0,179266.38970361804
MG,2023-03-21T13:00:00,112.0,44.0,113.0,45.0,85585.2441165654
MG,2023-03-21T13:00:00,113.0,42.0,114.0,43.0,6708.03264697403
MG,2023-03-21T13:00:00,113.0,43.0,114.0,44.0,64535.900293302366
MG,2023-03-21T13:00:00,113.0,44.0,114.0,45.0,8558.52441165652
MG,2023-03-21T14:00:00,100.0,44.0,101.0,45.0,9797.810690645198
MG,2023-03-21T14:00:00,100.0,45.0,101.0,46.0,27798.439633923597
MG,2023-03-21T14:00:00,101.0,44.0,102.0,45.0,116890.16010002332
MG,2023-03-21T14:00:00,101.0,45.0,102.0,46.0,41241.947325738976
MG,2023-03-21T14:00:00,102.0,43.0,103.0,44.0,68584.67483451596
MG,2023-03-21T14:00:00,102.0,44.0,103.0,45.0,121219.42528891313
MG,2023-03-21T14:00:00,103.0,42.0,104.0,43.0,36912.682136849304
MG,2023-03-21T14:00:00,103.0,43.0,104.0,44.0,175904.88030646864
MG,2023-03-21T14:00:00,103.0,44.0,104.0,45.0,168385.63024155475
MG,2023-03-21T14:00:00,104.0,41.0,105.0,42.0,15722.06831754695
MG,2023-03-21T14:00:00,104.0,42.0,105.0,43.0,116890.16010002332
MG,2023-03-21T14:00:00,104.0,43.0,105.0,44.0,176588.44849418808
MG,2023-03-21T14:00:00,104.0,44.0,105.0,45.0,170208.47874213994
MG,2023-03-21T14:00:00,104.0,45.0,105.0,46.0,2734.2727508777266
MG,2023-03-21T14:00:00,105.0,40.0,106.0,41.0,2278.560625731439
MG,2023-03-21T14:00:00,105.0,41.0,106.0,42.0,162689.22867722606
MG,2023-03-21T14:00:00,105.0,42.0,106.0,43.0,182284.85005851678
MG,2023-03-21T14:00:00,105.0,43.0,106.0,44.0,176588.44849418808
MG,2023-03-21T14:00:00,105.0,44.0,106.0,45.0,182284.85005851678
MG,2023-03-21T14:00:00,105.0,45.0,106.0,46.0,29849.144197081896
MG,2023-03-21T14:00:00,106.0,40.0,107.0,41.0,44659.788264336086
MG,2023-03-21T14:00:00,106.0,41.0,107.0,42.0,182284.85005851678
MG,2023-03-21T14:00:00,106.0,42.0,107.0,43.0,182284.85005851678
MG,2023-03-21T14:00:00,106.0,43.0,107.0,44.0,176588.44849418808
MG,2023-03-21T14:00:00,106.0,44.0,107.0,45.0,182284.85005851678
MG,2023-03-21T14:00:00,106.0,45.0,107.0,46.0,36001.25788655674
MG,2023-03-21T14:00:00,107.0,40.0,108.0,41.0,39874.81095030013
MG,2023-03-21T14:00:00,107.0,41.0,108.0,42.0,182284.85005851678
MG,2023-03-21T14:00:00,107.0,42.0,108.0,43.0,182284.85005851678
MG,2023-03-21T14:00:00,107.0,43.0,108.0,44.0,176588.44849418808
MG,2023-03-21T14:00:00,107.0,44.0,108.0,45.0,182284.85005851678
MG,2023-03-21T14:00:00,107.0,45.0,108.0,46.0,81116.7582760391
MG,2023-03-21T14:00:00,108.0,40.0,109.0,41.0,227.85606257314393
MG,2023-03-21T14:00:00,108.0,41.0,109.0,42.0,145600.02398423996
MG,2023-03-21T14:00:00,108.0,42.0,109.0,43.0,182284.85005851678
MG,2023-03-21T14:00:00,108.0,43.0,109.0,44.0,176588.44849418808
MG,2023-03-21T14:00:00,108.0,44.0,109.0,45.0,182284.85005851678
MG,2023-03-21T14:00:00,108.0,45.0,109.0,46.0,92965.27352984279
MG,2023-03-21T14:00:00,109.0,41.0,110.0,42.0,103446.65240820759
MG,2023-03-21T14:00:00,109.0,42.0,110.0,43.0,182284.85005851678
MG,2023-03-21T14:00:00,109.0,43.0,110.0,44.0,176588.44849418808
MG,2023-03-21T14:00:00,109.0,44.0,110.0,45.0,182284.85005851678
MG,2023-03-21T14:00:00,109.0,45.0,110.0,46.0,81572.47040118539
MG,2023-03-21T14:00:00,110.0,41.0,111.0,42.0,60381.85658188279
MG,2023-03-21T14:00:00,110.0,42.0,111.0,43.0,182284.85005851678
MG,2023-03-21T14:00:00,110.0,43.0,111.0,44.0,176588.44849418808
MG,2023-03-21T14:00:00,110.0,44.0,111.0,45.0,182284.85005851678
MG,2023-03-21T14:00:00,110.0,45.0,111.0,46.0,35773.4018239836
MG,2023-03-21T14:00:00,111.0,41.0,112.0,42.0,911.4242502925757
MG,2023-03-21T14:00:00,111.0,42.0,112.0,43.0,172487.03936787142
MG,2023-03-21T14:00:00,111.0,43.0,112.0,44.0,176588.44849418808
MG,2023-03-21T14:00:00,111.0,44.0,112.0,45.0,155853.54680003162
MG,2023-03-21T14:00:00,111.0,45.0,112.0,46.0,455.71212514628786
MG,2023-03-21T14:00:00,112.0,42.0,113.0,43.0,142182.18304564274
MG,2023-03-21T14:00:00,112.0,43.0,113.0,44.0,176588.44849418808
MG,2023-03-21T14:00:00,112.0,44.0,113.0,45.0,84306.74315206317
MG,2023-03-21T14:00:00,113.0,42.0,114.0,43.0,6607.825814621177
MG,2023-03-21T14:00:00,113.0,43.0,114.0,44.0,63571.84145790676
MG,2023-03-21T14:00:00,113.0,44.0,114.0,45.0,8430.674315206332
MG,2023-03-21T15:00:00,100.0,44.0,101.0,45.0,9646.616116546078
MG,2023-03-21T15:00:00,100.0,45.0,101.0,46.0,27369.468981828406
MG,2023-03-21T15:00:00,101.0,44.0,102.0,45.0,115086.3736694913
MG,2023-03-21T15:00:00,101.0,45.0,102.0,46.0,40605.523653368495
MG,2023-03-21T15:00:00,102.0,43.0,103.0,44.0,67526.31281582304
MG,2023-03-21T15:00:00,102.0,44.0,103.0,45.0,119348.83195354647
MG,2023-03-21T15:00:00,103.0,42.0,104.0,43.0,36343.06536931318
MG,2023-03-21T15:00:00,103.0,43.0,104.0,44.0,173190.41027845393
MG,2023-03-21T15:00:00,103.0,44.0,104.0,45.0,165787.19325877915
MG,2023-03-21T15:00:00,104.0,41.0,105.0,42.0,15479.453768411147
MG,2023-03-21T15:00:00,104.0,42.0,105.0,43.0,115086.3736694913
MG,2023-03-21T15:00:00,104.0,43.0,105.0,44.0,173863.43000751527
MG,2023-03-21T15:00:00,104.0,44.0,105.0,45.0,167581.91253627607
MG,2023-03-21T15:00:00,104.0,45.0,105.0,46.0,2692.078916245417
MG,2023-03-21T15:00:00,105.0,40.0,106.0,41.0,2243.399096871181
MG,2023-03-21T15:00:00,105.0,41.0,106.0,42.0,160178.6955166013
MG,2023-03-21T15:00:00,105.0,42.0,106.0,43.0,179471.92774969313
MG,2023-03-21T15:00:00,105.0,43.0,106.0,44.0,173863.43000751527
MG,2023-03-21T15:00:00,105.0,44.0,106.0,45.0,179471.92774969313
MG,2023-03-21T15:00:00,105.0,45.0,106.0,46.0,29388.52816901247
MG,2023-03-21T15:00:00,106.0,40.0,107.0,41.0,43970.62229867532
MG,2023-03-21T15:00:00,106.0,41.0,107.0,42.0,179471.92774969313
MG,2023-03-21T15:00:00,106.0,42.0,107.0,43.0,179471.92774969313
MG,2023-03-21T15:00:00,106.0,43.0,107.0,44.0,173863.43000751527
MG,2023-03-21T15:00:00,106.0,44.0,107.0,45.0,179471.92774969313
MG,2023-03-21T15:00:00,106.0,45.0,107.0,46.0,35445.705730564696
MG,2023-03-21T15:00:00,107.0,40.0,108.0,41.0,39259.484195245765
MG,2023-03-21T15:00:00,107.0,41.0,108.0,42.0,179471.92774969313
MG,2023-03-21T15:00:00,107.0,42.0,108.0,43.0,179471.92774969313
MG,2023-03-21T15:00:00,107.0,43.0,108.0,44.0,173863.43000751527
MG,2023-03-21T15:00:00,107.0,44.0,108.0,45.0,179471.92774969313
MG,2023-03-21T15:00:00,107.0,45.0,108.0,46.0,79865.00784861433
MG,2023-03-21T15:00:00,108.0,40.0,109.0,41.0,224.33990968711808
MG,2023-03-21T15:00:00,108.0,41.0,109.0,42.0,143353.2022900677
MG,2023-03-21T15:00:00,108.0,42.0,109.0,43.0,179471.92774969313
MG,2023-03-21T15:00:00,108.0,43.0,109.0,44.0,173863.43000751527
MG,2023-03-21T15:00:00,108.0,44.0,109.0,45.0,179471.92774969313
MG,2023-03-21T15:00:00,108.0,45.0,109.0,46.0,91530.68315234428
MG,2023-03-21T15:00:00,109.0,41.0,110.0,42.0,101850.31899795154
MG,2023-03-21T15:00:00,109.0,42.0,110.0,43.0,179471.92774969313
MG,2023-03-21T15:00:00,109.0,43.0,110.0,44.0,173863.43000751527
MG,2023-03-21T15:00:00,109.0,44.0,110.0,45.0,179471.92774969313
MG,2023-03-21T15:00:00,109.0,45.0,110.0,46.0,80313.68766798856
MG,2023-03-21T15:00:00,110.0,41.0,111.0,42.0,59450.07606708672
MG,2023-03-21T15:00:00,110.0,42.0,111.0,43.0,179471.92774969313
MG,2023-03-21T15:00:00,110.0,43.0,111.0,44.0,173863.43000751527
MG,2023-03-21T15:00:00,110.0,44.0,111.0,45.0,179471.92774969313
MG,2023-03-21T15:00:00,110.0,45.0,111.0,46.0,35221.365820877574
MG,2023-03-21T15:00:00,111.0,41.0,112.0,42.0,897.3596387484723
MG,2023-03-21T15:00:00,111.0,42.0,112.0,43.0,169825.3116331472
MG,2023-03-21T15:00:00,111.0,43.0,112.0,44.0,173863.43000751527
MG,2023-03-21T15:00:00,111.0,44.0,112.0,45.0,153448.49822598786
MG,2023-03-21T15:00:00,111.0,45.0,112.0,46.0,448.67981937423616
MG,2023-03-21T15:00:00,112.0,42.0,113.0,43.0,139988.103644761
MG,2023-03-21T15:00:00,112.0,43.0,113.0,44.0,173863.43000751527
MG,2023-03-21T15:00:00,112.0,44.0,113.0,45.0,83005.76658423393
MG,2023-03-21T15:00:00,113.0,42.0,114.0,43.0,6505.857380926424
MG,2023-03-21T15:00:00,113.0,43.0,114.0,44.0,62590.83480270642
MG,2023-03-21T15:00:00,113.0,44.0,114.0,45.0,8300.57665842337
MG,2023-03-21T16:00:00,100.0,44.0,101.0,45.0,9563.011796424844
MG,2023-03-21T16:00:00,100.0,45.0,101.0,46.0,27132.26602706581
MG,2023-03-21T16:00:00,101.0,44.0,102.0,45.0,114088.95468758127
MG,2023-03-21T16:00:00,101.0,45.0,102.0,46.0,40253.60779425332
MG,2023-03-21T16:00:00,102.0,43.0,103.0,44.0,66941.08257497374
MG,2023-03-21T16:00:00,102.0,44.0,103.0,45.0,118314.47152786213
MG,2023-03-21T16:00:00,103.0,42.0,104.0,43.0,36028.0909539726
MG,2023-03-21T16:00:00,103.0,43.0,104.0,44.0,171689.42108930196
MG,2023-03-21T16:00:00,103.0,44.0,104.0,45.0,164350.3655246041
MG,2023-03-21T16:00:00,104.0,41.0,105.0,42.0,15345.297998914304
MG,2023-03-21T16:00:00,104.0,42.0,105.0,43.0,114088.95468758127
MG,2023-03-21T16:00:00,104.0,43.0,105.0,44.0,172356.60795881995
MG,2023-03-21T16:00:00,104.0,44.0,105.0,45.0,166129.5305099854
MG,2023-03-21T16:00:00,104.0,45.0,105.0,46.0,2668.747478072048
MG,2023-03-21T16:00:00,105.0,40.0,106.0,41.0,2223.956231726707
MG,2023-03-21T16:00:00,105.0,41.0,106.0,42.0,158790.47494528754
MG,2023-03-21T16:00:00,105.0,42.0,106.0,43.0,177916.4985381365
MG,2023-03-21T16:00:00,105.0,43.0,106.0,44.0,172356.60795881995
MG,2023-03-21T16:00:00,105.0,44.0,106.0,45.0,177916.4985381365
MG,2023-03-21T16:00:00,105.0,45.0,106.0,46.0,29133.826635619836
MG,2023-03-21T16:00:00,106.0,40.0,107.0,41.0,43589.54214184337
MG,2023-03-21T16:00:00,106.0,41.0,107.0,42.0,177916.4985381365
MG,2023-03-21T16:00:00,106.0,42.0,107.0,43.0,177916.4985381365
MG,2023-03-21T16:00:00,106.0,43.0,107.0,44.0,172356.60795881995
MG,2023-03-21T16:00:00,106.0,44.0,107.0,45.0,177916.4985381365
MG,2023-03-21T16:00:00,106.0,45.0,107.0,46.0,35138.50846128192
MG,2023-03-21T16:00:00,107.0,40.0,108.0,41.0,38919.234055217305
MG,2023-03-21T16:00:00,107.0,41.0,108.0,42.0,177916.4985381365
MG,2023-03-21T16:00:00,107.0,42.0,108.0,43.0,177916.4985381365
MG,2023-03-21T16:00:00,107.0,43.0,108.0,44.0,172356.60795881995
MG,2023-03-21T16:00:00,107.0,44.0,108.0,45.0,177916.4985381365
MG,2023-03-21T16:00:00,107.0,45.0,108.0,46.0,79172.84184947098
MG,2023-03-21T16:00:00,108.0,40.0,109.0,41.0,222.39562317267067
MG,2023-03-21T16:00:00,108.0,41.0,109.0,42.0,142110.80320733786
MG,2023-03-21T16:00:00,108.0,42.0,109.0,43.0,177916.4985381365
MG,2023-03-21T16:00:00,108.0,43.0,109.0,44.0,172356.60795881995
MG,2023-03-21T16:00:00,108.0,44.0,109.0,45.0,177916.4985381365
MG,2023-03-21T16:00:00,108.0,45.0,109.0,46.0,90737.41425445018
MG,2023-03-21T16:00:00,109.0,41.0,110.0,42.0,100967.61292039332
MG,2023-03-21T16:00:00,109.0,42.0,110.0,43.0,177916.4985381365
MG,2023-03-21T16:00:00,109.0,43.0,110.0,44.0,172356.60795881995
MG,2023-03-21T16:00:00,109.0,44.0,110.0,45.0,177916.4985381365
MG,2023-03-21T16:00:00,109.0,45.0,110.0,46.0,79617.63309581633
MG,2023-03-21T16:00:00,110.0,41.0,111.0,42.0,58934.84014075758
MG,2023-03-21T16:00:00,110.0,42.0,111.0,43.0,177916.4985381365
MG,2023-03-21T16:00:00,110.0,43.0,111.0,44.0,172356.60795881995
MG,2023-03-21T16:00:00,110.0,44.0,111.0,45.0,177916.4985381365
MG,2023-03-21T16:00:00,110.0,45.0,111.0,46.0,34916.11283810925
MG,2023-03-21T16:00:00,111.0,41.0,112.0,42.0,889.5824926906827
MG,2023-03-21T16:00:00,111.0,42.0,112.0,43.0,168353.48674171203
MG,2023-03-21T16:00:00,111.0,43.0,112.0,44.0,172356.60795881995
MG,2023-03-21T16:00:00,111.0,44.0,112.0,45.0,152118.60625010767
MG,2023-03-21T16:00:00,111.0,45.0,112.0,46.0,444.79124634534134
MG,2023-03-21T16:00:00,112.0,42.0,113.0,43.0,138774.86885974792
MG,2023-03-21T16:00:00,112.0,43.0,113.0,44.0,172356.60795881995
MG,2023-03-21T16:00:00,112.0,44.0,113.0,45.0,82286.38057388845
MG,2023-03-21T16:00:00,113.0,42.0,114.0,43.0,6449.473072007449
MG,2023-03-21T16:00:00,113.0,43.0,114.0,44.0,62048.37886517496
MG,2023-03-21T16:00:00,113.0,44.0,114.0,45.0,8228.638057388815
MG,2023-03-21T17:00:00,100.0,44.0,101.0,45.0,9326.280661303113
MG,2023-03-21T17:00:00,100.0,45.0,101.0,46.0,26460.61024834831
MG,2023-03-21T17:00:00,101.0,44.0,102.0,45.0,111264.69719182495
MG,2023-03-21T17:00:00,101.0,45.0,102.0,46.0,39257.13487664799
MG,2023-03-21T17:00:00,102.0,43.0,103.0,44.0,65283.96462912214
MG,2023-03-21T17:00:00,102.0,44.0,103.0,45.0,115385.61190263322
MG,2023-03-21T17:00:00,103.0,42.0,104.0,43.0,35136.220165839586
MG,2023-03-21T17:00:00,103.0,43.0,104.0,44.0,167439.27140758222
MG,2023-03-21T17:00:00,103.0,44.0,104.0,45.0,160281.89322565158
MG,2023-03-21T17:00:00,104.0,41.0,105.0,42.0,14965.427107672418
MG,2023-03-21T17:00:00,104.0,42.0,105.0,43.0,111264.69719182495
MG,2023-03-21T17:00:00,104.0,43.0,105.0,44.0,168089.9421513941
MG,2023-03-21T17:00:00,104.0,44.0,105.0,45.0,162017.01520914992
MG,2023-03-21T17:00:00,104.0,45.0,105.0,46.0,2602.682975247382
MG,2023-03-21T17:00:00,105.0,40.0,106.0,41.0,2168.902479372818
MG,2023-03-21T17:00:00,105.0,41.0,106.0,42.0,154859.6370272193
MG,2023-03-21T17:00:00,105.0,42.0,106.0,43.0,173512.1983498264
MG,2023-03-21T17:00:00,105.0,43.0,106.0,44.0,168089.9421513941
MG,2023-03-21T17:00:00,105.0,44.0,106.0,45.0,173512.1983498264
MG,2023-03-21T17:00:00,105.0,45.0,106.0,46.0,28412.622479783837
MG,2023-03-21T17:00:00,106.0,40.0,107.0,41.0,42510.48859570726
MG,2023-03-21T17:00:00,106.0,41.0,107.0,42.0,173512.1983498264
MG,2023-03-21T17:00:00,106.0,42.0,107.0,43.0,173512.1983498264
MG,2023-03-21T17:00:00,106.0,43.0,107.0,44.0,168089.9421513941
MG,2023-03-21T17:00:00,106.0,44.0,107.0,45.0,173512.1983498264
MG,2023-03-21T17:00:00,106.0,45.0,107.0,46.0,34268.65917409045
MG,2023-03-21T17:00:00,107.0,40.0,108.0,41.0,37955.793389024286
MG,2023-03-21T17:00:00,107.0,41.0,108.0,42.0,173512.1983498264
MG,2023-03-21T17:00:00,107.0,42.0,108.0,43.0,173512.1983498264
MG,2023-03-21T17:00:00,107.0,43.0,108.0,44.0,168089.9421513941
MG,2023-03-21T17:00:00,107.0,44.0,108.0,45.0,173512.1983498264
MG,2023-03-21T17:00:00,107.0,45.0,108.0,46.0,77212.92826567241
MG,2023-03-21T17:00:00,108.0,40.0,109.0,41.0,216.89024793728177
MG,2023-03-21T17:00:00,108.0,41.0,109.0,42.0,138592.8684319224
MG,2023-03-21T17:00:00,108.0,42.0,109.0,43.0,173512.1983498264
MG,2023-03-21T17:00:00,108.0,43.0,109.0,44.0,168089.9421513941
MG,2023-03-21T17:00:00,108.0,44.0,109.0,45.0,173512.1983498264
MG,2023-03-21T17:00:00,108.0,45.0,109.0,46.0,88491.22115841083
MG,2023-03-21T17:00:00,109.0,41.0,110.0,42.0,98468.17256352559
MG,2023-03-21T17:00:00,109.0,42.0,110.0,43.0,173512.1983498264
MG,2023-03-21T17:00:00,109.0,43.0,110.0,44.0,168089.9421513941
MG,2023-03-21T17:00:00,109.0,44.0,110.0,45.0,173512.1983498264
MG,2023-03-21T17:00:00,109.0,45.0,110.0,46.0,77646.70876154696
MG,2023-03-21T17:00:00,110.0,41.0,111.0,42.0,57475.9157033799
MG,2023-03-21T17:00:00,110.0,42.0,111.0,43.0,173512.1983498264
MG,2023-03-21T17:00:00,110.0,43.0,111.0,44.0,168089.9421513941
MG,2023-03-21T17:00:00,110.0,44.0,111.0,45.0,173512.1983498264
MG,2023-03-21T17:00:00,110.0,45.0,111.0,46.0,34051.76892615316
MG,2023-03-21T17:00:00,111.0,41.0,112.0,42.0,867.5609917491271
MG,2023-03-21T17:00:00,111.0,42.0,112.0,43.0,164185.91768852284
MG,2023-03-21T17:00:00,111.0,43.0,112.0,44.0,168089.9421513941
MG,2023-03-21T17:00:00,111.0,44.0,112.0,45.0,148352.92958910053
MG,2023-03-21T17:00:00,111.0,45.0,112.0,46.0,433.78049587456354
MG,2023-03-21T17:00:00,112.0,42.0,113.0,43.0,135339.51471286302
MG,2023-03-21T17:00:00,112.0,43.0,113.0,44.0,168089.9421513941
MG,2023-03-21T17:00:00,112.0,44.0,113.0,45.0,80249.39173679429
MG,2023-03-21T17:00:00,113.0,42.0,114.0,43.0,6289.817190181173
MG,2023-03-21T17:00:00,113.0,43.0,114.0,44.0,60512.37917450188
MG,2023-03-21T17:00:00,113.0,44.0,114.0,45.0,8024.939173679428
MG,2023-03-21T18:00:00,100.0,44.0,101.0,45.0,8961.526457907794
MG,2023-03-21T18:00:00,100.0,45.0,101.0,46.0,25425.72622941283
MG,2023-03-21T18:00:00,101.0,44.0,102.0,45.0,106913.09471876101
MG,2023-03-21T18:00:00,101.0,45.0,102.0,46.0,37721.77416003048
MG,2023-03-21T18:00:00,102.0,43.0,103.0,44.0,62730.685205354246
MG,2023-03-21T18:00:00,102.0,44.0,103.0,45.0,110872.83896760408
MG,2023-03-21T18:00:00,103.0,42.0,104.0,43.0,33762.02991118755
MG,2023-03-21T18:00:00,103.0,43.0,104.0,44.0,160890.66105825128
MG,2023-03-21T18:00:00,103.0,44.0,104.0,45.0,154013.21052078748
MG,2023-03-21T18:00:00,104.0,41.0,105.0,42.0,14380.123851061324
MG,2023-03-21T18:00:00,104.0,42.0,105.0,43.0,106913.09471876101
MG,2023-03-21T18:00:00,104.0,43.0,105.0,44.0,161515.88383438435
MG,2023-03-21T18:00:00,104.0,44.0,105.0,45.0,155680.47125714234
MG,2023-03-21T18:00:00,104.0,45.0,105.0,46.0,2500.8911045324066
MG,2023-03-21T18:00:00,105.0,40.0,106.0,41.0,2084.075920443672
MG,2023-03-21T18:00:00,105.0,41.0,106.0,42.0,148803.02071967855
MG,2023-03-21T18:00:00,105.0,42.0,106.0,43.0,166726.0736354933
MG,2023-03-21T18:00:00,105.0,43.0,106.0,44.0,161515.88383438435
MG,2023-03-21T18:00:00,105.0,44.0,106.0,45.0,166726.0736354933
MG,2023-03-21T18:00:00,105.0,45.0,106.0,46.0,27301.394557812146
MG,2023-03-21T18:00:00,106.0,40.0,107.0,41.0,40847.88804069595
MG,2023-03-21T18:00:00,106.0,41.0,107.0,42.0,166726.0736354933
MG,2023-03-21T18:00:00,106.0,42.0,107.0,43.0,166726.0736354933
MG,2023-03-21T18:00:00,106.0,43.0,107.0,44.0,161515.88383438435
MG,2023-03-21T18:00:00,106.0,44.0,107.0,45.0,166726.0736354933
MG,2023-03-21T18:00:00,106.0,45.0,107.0,46.0,32928.39954301009
MG,2023-03-21T18:00:00,107.0,40.0,108.0,41.0,36471.32860776429
MG,2023-03-21T18:00:00,107.0,41.0,108.0,42.0,166726.0736354933
MG,2023-03-21T18:00:00,107.0,42.0,108.0,43.0,166726.0736354933
MG,2023-03-21T18:00:00,107.0,43.0,108.0,44.0,161515.88383438435
MG,2023-03-21T18:00:00,107.0,44.0,108.0,45.0,166726.0736354933
MG,2023-03-21T18:00:00,107.0,45.0,108.0,46.0,74193.10276779461
MG,2023-03-21T18:00:00,108.0,40.0,109.0,41.0,208.40759204436722
MG,2023-03-21T18:00:00,108.0,41.0,109.0,42.0,133172.45131635174
MG,2023-03-21T18:00:00,108.0,42.0,109.0,43.0,166726.0736354933
MG,2023-03-21T18:00:00,108.0,43.0,109.0,44.0,161515.88383438435
MG,2023-03-21T18:00:00,108.0,44.0,109.0,45.0,166726.0736354933
MG,2023-03-21T18:00:00,108.0,45.0,109.0,46.0,85030.29755410196
MG,2023-03-21T18:00:00,109.0,41.0,110.0,42.0,94617.04678814307
MG,2023-03-21T18:00:00,109.0,42.0,110.0,43.0,166726.0736354933
MG,2023-03-21T18:00:00,109.0,43.0,110.0,44.0,161515.88383438435
MG,2023-03-21T18:00:00,109.0,44.0,110.0,45.0,166726.0736354933
MG,2023-03-21T18:00:00,109.0,45.0,110.0,46.0,74609.91795188336
MG,2023-03-21T18:00:00,110.0,41.0,111.0,42.0,55228.011891757116
MG,2023-03-21T18:00:00,110.0,42.0,111.0,43.0,166726.0736354933
MG,2023-03-21T18:00:00,110.0,43.0,111.0,44.0,161515.88383438435
MG,2023-03-21T18:00:00,110.0,44.0,111.0,45.0,166726.0736354933
MG,2023-03-21T18:00:00,110.0,45.0,111.0,46.0,32719.991950965723
MG,2023-03-21T18:00:00,111.0,41.0,112.0,42.0,833.6303681774689
MG,2023-03-21T18:00:00,111.0,42.0,112.0,43.0,157764.54717758592
MG,2023-03-21T18:00:00,111.0,43.0,112.0,44.0,161515.88383438435
MG,2023-03-21T18:00:00,111.0,44.0,112.0,45.0,142550.79295834783
MG,2023-03-21T18:00:00,111.0,45.0,112.0,46.0,416.81518408873444
MG,2023-03-21T18:00:00,112.0,42.0,113.0,43.0,130046.3374356863
MG,2023-03-21T18:00:00,112.0,43.0,113.0,44.0,161515.88383438435
MG,2023-03-21T18:00:00,112.0,44.0,113.0,45.0,77110.80905641582
MG,2023-03-21T18:00:00,113.0,42.0,114.0,43.0,6043.820169286653
MG,2023-03-21T18:00:00,113.0,43.0,114.0,44.0,58145.71818037822
MG,2023-03-21T18:00:00,113.0,44.0,114.0,45.0,7711.080905641593
